Player_Num,VS PLAYER,TEAM,GP,W,L,MIN,OPP FGM,OPP FGA,OPP FG%,OPP 3PM,OPP 3PA,OPP 3P%,OPP FTM,OPP FTA,OPP FT%,OPP OREB,OPP DREB,OPP REB,OPP AST,OPP TOV,OPP STL,OPP BLK,OPP BLKA,OPP PF,OPP PFD,OPP PTS,OPP +/-
1,"Moore, E'Twaun",NOP,82,48,34,31.5,27.3,59.9,45.5,7.3,19.8,36.8,9.7,12.2,78.9,7,22.5,29.5,15.8,9.5,5,2.8,4.1,13.3,11.9,71.5,-1.8
1,"Connaughton, Pat",POR,82,49,33,18.1,14,31.9,43.8,3.7,10.5,35.4,7.1,9.4,75.2,3.4,12.3,15.7,7.4,4.3,2.7,2,1.6,7,7.8,38.7,-1.7
1,"Felton, Raymond",OKC,82,48,34,16.6,12.8,28.4,45,3.6,9.8,36.4,5.8,7.5,77.6,3.6,11.8,15.4,7.7,5.1,2.3,1.6,1.8,7.3,7.2,34.9,0.6
1,"Ferrell, Yogi",DAL,82,24,58,27.8,21.6,48,45.1,5.7,16.8,34.1,9.5,12.6,75,5.5,21.1,26.6,12.5,8.2,4,2.5,2.3,11.7,11.4,58.5,0
1,"Gibson, Taj",MIN,82,47,35,33.2,27.3,58.5,46.7,7.5,20.5,36.6,11,14.1,78,6.8,21.8,28.6,16.4,10.5,4.2,3,3.2,14.3,11.7,73.2,-2.9
1,"Gortat, Marcin",WAS,82,43,39,25.3,20.5,44.7,45.9,5.2,14.9,34.9,8,10.4,77.6,5.3,17.5,22.7,11.9,7.7,4.2,2.5,2.3,9.1,9.4,54.3,-1.3
1,"Wiggins, Andrew",MIN,82,47,35,36.3,30,64.1,46.9,8.3,22.9,36.5,12,15.3,78.5,7.4,24.1,31.5,17.8,11.3,4.8,3.6,3.4,15.5,13.1,80.5,-2.5
1,"Ingles, Joe",UTA,82,48,34,31.4,24.6,54.2,45.4,6.1,16.5,37.1,10.3,13.2,77.8,5.7,21.4,27,13.3,9.8,5.3,3.1,3.3,13.3,12.7,65.5,-3.2
1,"James, LeBron",CLE,82,50,32,36.9,32.5,67.7,48,9.1,24.2,37.7,11.2,14.9,75.5,7.5,25.6,33.1,20.3,10.2,5.9,3.3,3,15.6,14.1,85.4,-1.3
1,"Brooks, Dillon",MEM,82,22,60,28.7,21.8,47.8,45.6,6.2,17.3,36,11.8,15.3,77.1,5.6,19.9,25.5,13,8.7,4.9,3.1,2.6,12,13.6,61.6,3
1,"Jones, Tyus",MIN,82,47,35,17.9,14.6,30.8,47.3,3.5,10.1,35,5.4,7,77.1,3.5,11.8,15.4,8.6,5.7,2.3,1.7,1.6,7.6,6.7,38.1,-2.2
1,"Joseph, Cory",IND,82,48,34,27,21.8,47.2,46.1,5.9,17.6,33.6,9,11.8,76.5,5.4,18.2,23.6,12.5,8.3,4,3,2.2,10.9,11,58.5,0.6
1,"Middleton, Khris",MIL,82,44,38,36.4,29.5,62.7,47.1,7.7,20.4,37.8,13.7,17.6,78.1,7.6,24.6,32.2,17.7,12,5.4,3.3,4.1,15,16.1,80.5,-1.2
1,"Miller, Darius",NOP,82,48,34,23.7,20.3,44.2,45.8,4.9,14.7,33.5,9.3,11.8,79,5.1,17,22,11,6.6,4,2,2.6,10,10.3,54.8,0.3
1,"Tucker, PJ",HOU,82,65,17,27.8,22.4,48.6,46.1,5.8,16.9,34.3,8.7,11.6,75.1,5,18.7,23.6,12.5,8.8,4.2,2.6,2.8,12.1,11.2,59.3,-6.4
1,"Towns, Karl-Anthony",MIN,82,47,35,35.6,29.3,62.3,47.1,7.9,21.3,36.9,11.2,14.4,78.1,7.2,22.8,30,17.6,10.8,4.7,3.3,3.3,15.8,13.1,77.8,-4.6
1,"Mills, Patty",SAS,82,47,35,25.7,20.8,44.9,46.4,4.9,13.7,35.4,8.2,10.8,76,5,17.7,22.7,12,7.5,3.9,2.1,3,10.7,9.8,54.7,-1.3
1,"Biyombo, Bismack",ORL,82,25,57,18.2,15.8,33.7,46.8,4,10.5,37.8,6,7.9,76.5,4.5,13.3,17.8,9.1,5,3.2,2,2.2,7.2,7.4,41.5,5.2
1,"Stephenson, Lance",IND,82,48,34,22.6,18.7,39,48,4.9,14.2,34.7,7.8,10.3,75.9,4.3,15.1,19.3,11,6.7,3.1,2.3,1.8,8.7,9.7,50.2,1.3
1,"Bender, Dragan",PHX,82,21,61,25.2,22.3,47.2,47.2,5.7,15.5,36.6,9.5,12.3,77.3,5.5,19,24.5,12.4,6.8,4.6,3,2.2,10.5,11.1,59.7,5.7
1,"Smith, Ish",DET,82,39,43,24.9,20.3,44.5,45.5,5.6,15.9,35,8.1,10.1,79.5,4.6,17.9,22.5,12.8,7.2,3.6,2.4,2.2,9.5,9.5,54.1,-0.5
1,"Patterson, Patrick",OKC,82,48,34,15.5,12.3,26.9,45.8,3.4,9.3,36.8,4.7,6.2,76.5,3.3,11.3,14.6,7.3,5,2.1,1.6,1.9,6.7,6.3,32.8,0.9
1,"Poeltl, Jakob",TOR,82,59,23,18.6,14.3,31.7,45.1,3.3,9.3,36,7.7,10.1,76.6,3.7,12.4,16.1,8.1,6,2.6,2,2.3,7.4,9,39.7,-3
1,"Beal, Bradley",WAS,82,43,39,36.3,28.9,63.4,45.5,7.3,21.4,34.2,13.4,17.3,77.4,7.8,24.5,32.3,16.4,11.2,5.9,3.4,3.4,14.3,15.1,78.4,-2.2
1,"Prince, Taurean",ATL,82,24,58,30,26,54.6,47.7,7.3,19.1,38.2,10.3,13.1,78.4,6.5,21.2,27.8,16.7,9.6,5.6,3.5,2.8,12.2,12.4,69.6,4.5
1,"Randle, Julius",LAL,82,35,47,26.7,22.8,49.8,45.8,5.8,16.4,35.3,9.8,12.9,76.1,5.6,18.5,24.2,13.1,7.1,4.5,3.1,2.5,11.7,11.9,61.2,1
27,"Oubre Jr., Kelly",WAS,81,43,38,27.5,22.2,47.9,46.5,5.9,17,34.9,11.4,15.1,75.5,5.7,18.8,24.5,12.8,8.6,4.5,2.8,2.5,12.6,13.4,61.8,1.4
27,"McCollum, CJ",POR,81,48,33,36.1,29.3,64.6,45.3,7.1,19.2,37.1,12.3,16.3,75.4,6.8,25.6,32.4,15.4,9.5,5.2,3.8,4,14.1,14.6,78,-1.5
27,"Richardson, Josh",MIA,81,44,37,33.2,25.6,57.1,44.9,6.4,17.8,36,12.6,16,78.8,6,23.1,29.1,14.2,9.7,5.1,3.3,3.8,13.2,14.3,70.2,-0.5
27,"Baynes, Aron",BOS,81,54,27,18.3,13.7,32,42.8,3.3,10.5,31.6,5.4,7,77.7,3.1,12.9,16,8,5.3,2.5,1.7,1.7,6.4,7.2,36.1,-2.3
27,"Young, Thaddeus",IND,81,48,33,32.2,26.3,56.5,46.5,7.2,20.2,35.5,8.6,11.3,76.1,7,21.8,28.8,15.6,11.1,4.8,3.6,2.8,12,11.8,68.3,-2.6
27,"Siakam, Pascal",TOR,81,59,22,20.7,15.8,35.6,44.4,3.8,10.6,36.1,8.1,10.5,77,4.3,13.9,18.1,9,6.7,2.8,2.2,2.7,8,9.6,43.5,-3.8
27,"Simmons, Ben",PHI,81,51,30,33.7,26.6,61.4,43.3,6.9,20.6,33.6,13.4,17.9,74.8,7.1,21.9,29,15.1,10.3,6,3.4,3.6,14.5,15.9,73.6,-4.8
27,"Barton, Will",DEN,81,46,35,33.1,28.2,59.4,47.4,7.1,19.4,36.8,10.4,14.2,73.2,6.9,22,28.8,16.6,9.3,5.4,3.5,3.5,14.3,13.1,73.9,-1.5
27,"Grant, Jerami",OKC,81,48,33,20.3,15.7,35.2,44.7,4.6,12.4,37,7.8,10.1,77.4,4.3,14.1,18.4,9.2,6.4,3.3,2.2,2.6,9.4,9.1,43.9,-0.2
27,"Holiday, Jrue",NOP,81,47,34,36.1,30.3,68.4,44.4,8.1,23.4,34.9,11.5,14.4,79.5,7.9,25.6,33.5,17.5,11,6,3.2,4.7,15.6,13.7,80.3,-4
27,"Howard, Dwight",CHA,81,35,46,30.4,26.3,56.9,46.2,7.3,19.2,38.2,8.1,10.3,78.8,5.7,21.6,27.2,15.6,8.2,4.5,3.3,3.3,14.3,9.8,68.1,-1.1
27,"Murray, Jamal",DEN,81,46,35,31.7,27.2,56.1,48.4,7.1,18.5,38.5,9.3,12.5,74.8,5.9,20.3,26.2,16.5,8.9,4.9,2.9,3,13.4,11.8,70.9,-2.8
27,"Murray, Dejounte",SAS,81,47,34,21.5,16.6,37.8,43.9,4,11.7,34.3,5.9,7.7,76.9,3.9,15.1,18.9,9.4,6.6,3.3,2,2.9,8.7,7.5,43,-1.9
40,"Lamb, Jeremy",CHA,80,36,44,24.6,20.5,43.9,46.6,5.9,15.7,37.2,7.8,9.9,78.6,4.2,17.6,21.8,12.5,6.9,3.2,2.6,2.3,11.8,9.5,54.5,-1
40,"Smith, JR",CLE,80,49,31,28.1,25.1,51.5,48.7,7,18.4,37.9,8.4,11.1,75.9,5.8,19.9,25.7,15.5,7.5,4.4,2.6,2.1,11.9,10.7,65.6,1.5
40,"Forbes, Bryn",SAS,80,46,34,19,15.2,33.1,46,3.6,10.4,34.5,5.7,7.6,74.9,3.6,13.2,16.7,8.7,5.6,3,1.6,1.9,8,7,39.7,-1.5
40,"Dinwiddie, Spencer",BKN,80,28,52,28.8,24.7,52.3,47.3,5.1,13.7,37.2,10.4,13.5,76.5,5.8,21.4,27.2,12.9,7.2,3.8,3.4,2.7,11.2,12.2,64.9,1.2
40,"Hield, Buddy",SAC,80,27,53,25.3,19.8,42.8,46.1,5.9,16.3,36,8.9,11.6,77.2,4.6,17.7,22.4,12.1,7.7,3.9,2.6,2.2,8.9,10.6,54.3,1.9
40,"Tatum, Jayson",BOS,80,53,27,30.5,23.4,54,43.4,5.8,17.5,32.8,9.9,12.7,77.3,6.4,21.3,27.7,13.3,9,4.3,2.8,3.1,12.2,12.3,62.5,-4.3
40,"Covington, Robert",PHI,80,51,29,31.6,24.3,56.8,42.9,6.4,19.2,33.3,11.8,15.8,75,6,20.7,26.7,13.8,9.9,5.7,3.2,3.5,13.3,14.2,66.9,-6.6
40,"Rozier, Terry",BOS,80,54,26,25.9,19.8,45.5,43.4,5.1,15,33.6,8.8,11.9,74.6,5.2,18.8,24,11.2,7.4,3.5,2.3,2.3,10.9,10.8,53.4,-1.5
40,"Crawford, Jamal",MIN,80,45,35,20.7,18,36.5,49.2,4.7,12.6,37.4,7.1,9.1,77.8,4.3,14,18.4,10.8,6.1,3,2,1.7,9,8.5,47.7,1.9
40,"DeRozan, DeMar",TOR,80,57,23,33.9,27.6,60.8,45.4,6.4,17.7,36.1,13.2,17.1,77.2,6.7,22.8,29.5,15.7,9.4,4.9,3.3,4.1,14.7,15,74.8,-5.5
40,"Westbrook, Russell",OKC,80,47,33,36.4,29.6,63.9,46.3,8.6,23.6,36.5,12.2,15.9,76.7,6.9,24.3,31.2,18.1,12.6,6.1,3.6,3.6,16.5,15.2,79.9,-4.8
40,"Walker, Kemba",CHA,80,36,44,34.2,29.2,63.1,46.3,8.3,21.7,38.1,9.6,12,79.3,6.2,24.3,30.5,17.6,9.6,4.8,3.8,3.4,16.1,11.1,76.3,-2.6
40,"Young, Nick",GSW,80,56,24,17.4,14.5,32,45.3,3.7,10.4,35.3,6.3,8.2,76.5,3.7,12.1,15.9,8.4,5.1,2.9,1.3,2.8,6.9,7.2,38.9,-0.5
40,"Bogdanovic, Bojan",IND,80,47,33,30.8,25.3,55,46,6.6,19.1,34.4,8.9,11.7,76.3,6.7,21.4,28.1,15.1,9.9,4.6,3.3,2.8,11.8,11.6,66.1,-1.1
54,"Tolliver, Anthony",DET,79,37,42,22.2,17.8,39.1,45.5,5.2,14.2,36.8,7,8.8,79.2,4.3,16,20.3,11.2,6.9,3.2,2.1,1.7,8.9,8.7,47.7,-0.3
54,"Kaminsky, Frank",CHA,79,35,44,23.2,19.7,40.8,48.3,5.5,14.7,37.8,7.4,9.3,80.1,3.9,17.2,21.1,12.2,6.6,2.8,2.4,1.9,10.8,8.8,52.4,0.7
54,"Turner, Evan",POR,79,48,31,25.7,20.8,46.6,44.7,5.1,14.4,35.1,9.1,11.8,76.7,5.3,18.5,23.8,10.7,6.6,4.1,2.6,2.7,10.7,10.5,55.8,0.6
54,"Daniels, Troy",PHX,79,20,59,20.5,18.1,37.6,48,4.7,12.4,37.9,8.4,11.1,75.7,4.4,15.4,19.8,10,5.3,3.4,2.7,1.7,8.6,9.8,49.2,5.2
54,"Dieng, Gorgui",MIN,79,45,34,16.9,14.6,29.7,49,4.1,10.8,37.7,5.7,7.3,77.9,3.3,11.9,15.2,8.7,5.5,2.3,1.8,1.2,7.1,6.9,38.9,2.6
54,"Powell, Dwight",DAL,79,23,56,21.2,16.9,36.4,46.4,4.9,13.4,36.3,6.7,8.8,75.3,4,15.6,19.6,10.3,6.4,3.2,1.8,1.2,9.6,8.4,45.3,-0.1
54,"George, Paul",OKC,79,47,32,36.6,29.6,63.9,46.3,8.7,23.4,37,12.3,15.7,78.1,7.1,24.6,31.7,17.8,12.5,6,3.5,3.6,16.1,15.2,80.1,-2.9
54,"Williams, Lou",LAC,79,42,37,32.8,27.9,60.1,46.4,7.2,20.3,35.4,13.5,17.2,78,7.6,22.2,29.8,16.9,9.4,6.1,3.8,3.2,16.4,14.4,76.4,-1.5
54,"Nurkic, Jusuf",POR,79,48,31,26.4,21.5,48.2,44.6,5.2,14.2,36.6,7.8,10.2,76.1,5.2,19.1,24.2,11.5,7.3,4.1,2.8,3.3,10.3,9.8,56,-2
54,"Mitchell, Donovan",UTA,79,46,33,33.4,25.9,57.7,44.9,6.5,18.1,36,10.7,13.9,76.8,6,22.7,28.7,14,10.5,5.8,3.2,3.6,14.1,13.7,69,-4.5
64,"Lowry, Kyle",TOR,78,57,21,32.2,26,57.6,45.1,6.2,17.1,36.5,12.1,15.7,76.8,6.3,21.8,28.1,15,9.3,5,3.1,3.7,13.9,14.2,70.3,-5.1
64,"Saric, Dario",PHI,78,49,29,29.6,23.4,53.6,43.6,6.2,17.8,34.9,11.3,14.9,76.1,5.9,19.2,25.1,13.4,8.6,5.3,3,2.9,12.6,13.3,64.3,-3.7
64,"Ntilikina, Frank",NYK,78,28,50,21.9,16.7,38,44,4.7,13.2,35.6,9,11.7,77,4.6,15.1,19.7,10.1,6.4,3.7,2.1,2.5,8,10.3,47.2,1.3
64,"Davis, Ed",POR,78,48,30,18.9,14.4,32.9,43.6,3.7,10.4,35.3,7.1,9.6,74,3.9,12.4,16.3,7.4,4.7,2.8,2,1.8,7.4,8.2,39.5,-1.2
64,"Anthony, Carmelo",OKC,78,46,32,32.1,26.2,56,46.7,7.6,20.6,37,10.5,13.8,76,6,21.2,27.1,16,10.6,5.2,2.9,3,14.3,13.3,70.4,-3.5
64,"Harris, Joe",BKN,78,27,51,25.3,21.3,46.3,46,4.9,13.3,36.5,9.9,12.8,77.3,5.1,18.4,23.5,11.1,6,4.2,3,2.3,10.3,11.1,57.4,1.5
64,"Bogdanovic, Bogdan",SAC,78,26,52,27.9,22.8,47.5,47.9,6.9,17.9,38.6,10,13,76.7,5.1,20.3,25.3,13.9,8.2,4.6,2.6,2.3,10.2,11.7,62.4,4.6
64,"Green, Jeff",CLE,78,47,31,23.4,19.7,43.5,45.3,5.3,15.8,33.3,7.5,10.1,74.2,5.2,16.4,21.6,12.1,6.7,3.4,2,1.9,10.7,9.5,52.1,-1.3
64,"Williams, Marvin",CHA,78,33,45,25.7,22.1,48.3,45.8,6.1,16.1,37.8,7.1,9,78.6,4.8,18.3,23.2,12.9,7,3.9,2.6,2.8,12,8.4,57.4,-0.9
64,"Drummond, Andre",DET,78,37,41,33.7,28.1,59.8,46.9,7.7,20.9,36.8,10.2,13.1,77.7,6.4,23.7,30.2,17.8,10.1,5.4,3.8,2.7,12.8,12.8,74,0.7
74,"Jordan, DeAndre",LAC,77,39,38,31.5,26.6,57.5,46.4,7.4,20.3,36.2,10.7,13.8,77.9,6.5,21.7,28.2,16.6,8.4,5.4,3.4,2.7,13.7,12.3,71.4,1.7
74,"Valentine, Denzel",CHI,77,26,51,27.2,22.7,48.3,47.1,6.5,17.7,36.4,9.2,11.6,79,4.6,21.1,25.7,14,7.6,4.2,2.8,2.1,9.5,11,61.1,3.5
74,"Rubio, Ricky",UTA,77,44,33,29.3,22.9,50.2,45.6,5.8,15.7,36.7,8.8,11.5,76.4,5.3,20.1,25.4,12.2,9.6,5.2,3,2.8,12.4,11.9,60.2,-2.7
74,"Barnes, Harrison",DAL,77,24,53,34.2,28.1,59.3,47.4,7.4,20.3,36.4,12.1,16.1,75.6,6.2,26.7,32.8,16.7,9.4,5.2,3.2,2.7,13.1,13.7,75.7,4.2
74,"Jackson, Josh",PHX,77,19,58,25.4,22.4,47.9,46.6,5.9,16.3,36.4,10,12.9,77.4,5.9,19.3,25.2,12.5,7.2,4.7,3.3,2.3,11.7,11.7,60.6,6.9
74,"Kuzma, Kyle",LAL,77,34,43,31.2,26.5,58,45.7,6.6,19.4,34.3,11.5,15.1,76.5,6.8,22.1,29,14.7,9.1,5.3,3.6,2.9,13.2,13.7,71.2,1.6
74,"O'Quinn, Kyle",NYK,77,28,49,18,14.3,32,44.7,4.2,11.4,37.1,6.8,8.9,76,3.9,11.9,15.8,8.6,4.9,2.7,1.7,2.2,6.7,8.3,39.6,0.5
74,"Valanciunas, Jonas",TOR,77,56,21,22.4,18.7,41.3,45.3,4.4,11.8,37.2,7.7,9.9,77.9,4.4,14.8,19.2,10.7,5.5,3.6,2.1,2.6,9.4,9.5,49.5,-2.9
74,"Meeks, Jodie",WAS,77,41,36,14.5,12,25,47.8,3.2,8.8,36.1,5.9,8,73.2,2.7,10,12.7,6.9,4.5,2.2,1.5,1,7,7.7,33,2
74,"Mahinmi, Ian",WAS,77,42,35,14.9,11.6,25.3,46,3.1,8.9,35.3,5.8,8,72.5,2.8,9.3,12.1,6.7,4.6,2.5,1.6,1.3,6.8,7.9,32.2,-0.2
74,"Gasol, Pau",SAS,77,45,32,23.5,19,42.7,44.5,4.7,13.2,35.3,5.4,7.5,71.7,4.8,17,21.8,10.8,6.3,3.8,2,2.7,9.8,7.2,48.1,-0.8
74,"Bertans, Davis",SAS,77,43,34,14.1,11.2,24.8,45.1,2.8,7.9,35,4,5.2,76.4,2.8,10,12.8,6.2,4.4,2.3,1.1,1.5,5.8,5,29.1,-1.1
74,"Nowitzki, Dirk",DAL,77,24,53,24.7,20.8,43.5,47.8,5.8,15.4,37.9,7,9.1,76.9,4.5,18.9,23.4,12.5,6.6,3.9,2,1.5,9.8,8.9,54.5,0.7
74,"Porter Jr., Otto",WAS,77,42,35,31.6,25.2,55.1,45.8,6.3,18.7,33.8,10.6,13.7,77.3,6.5,21.1,27.6,14.2,9.9,5.1,2.8,2.9,12.1,12.3,67.4,-3.7
74,"Favors, Derrick",UTA,77,46,31,28,22.2,48.5,45.8,5.6,14.8,37.7,8.1,10.5,76.7,5,18.2,23.2,11.9,8.3,4.9,2.6,2.8,11,10.5,58.1,-1.9
74,"Ellington, Wayne",MIA,77,42,35,26.5,20.3,45.5,44.5,5.4,15.1,35.8,9.4,12.2,76.5,4.9,18.4,23.2,11.2,7.2,3.8,2.4,2.9,10.7,10.8,55.3,-1.6
90,"Olynyk, Kelly",MIA,76,42,34,23.4,18,39.1,46,4.6,12.7,36.5,8.3,10.8,76.8,4.2,15.8,20,9.8,7.2,3.3,2.2,2.2,9.5,9.6,49,-3.1
90,"Harrell, Montrezl",LAC,76,39,37,17,14.2,31.5,44.9,3.8,10.7,35.5,6.7,8.6,78.5,4.1,11.3,15.4,8.6,5,3.1,2.4,1.8,8.2,7.7,38.9,-0.7
90,"McConnell, T.J.",PHI,76,50,26,22.4,18,41.1,43.8,4.8,13.5,35.8,9.3,12.6,73.8,5,15.5,20.5,10.2,6.5,3.9,2.6,2.5,9.3,10.4,50.2,0.9
90,"Scott, Mike",WAS,76,39,37,18.5,14.9,32.1,46.4,4.1,11.7,35.4,7.4,9.8,74.7,3.6,12.3,15.9,8.7,5.7,3,1.7,1.5,8.4,9.2,41.3,1.1
90,"Lee, Courtney",NYK,76,27,49,30.4,25.4,55.1,46.1,7.4,19.9,37.2,10.5,13.3,79,6.6,20.8,27.4,15.9,8.2,5.2,3,3.4,11.5,11.9,68.7,3.4
90,"Ibaka, Serge",TOR,76,53,23,27.5,22.6,50.1,45.1,5.1,14.4,35.4,10.3,13.4,77,5.4,18.4,23.8,12.8,7.3,4.2,2.5,3.3,12,12.4,60.6,-4
90,"Adams, Steven",OKC,76,43,33,32.7,26.3,57.1,46.1,7.7,21.4,36.2,10.9,14.2,77,6.2,21.3,27.5,16.3,10.9,5.4,3.1,3,14.4,13.4,71.3,-4.2
90,"VanVleet, Fred",TOR,76,55,21,20,14.9,34.4,43.3,3.5,10.2,34.4,7.8,10.2,76.6,4.2,13.4,17.6,8.2,6.5,2.5,2.2,2.9,8.1,9.3,41.1,-4.6
90,"Henson, John",MIL,76,39,37,25.9,20.8,45.2,46,5.3,14.7,36,9,11.8,76.5,5.2,16.9,22.1,12.9,7.9,3.8,2.3,3.4,10.7,11.1,56,-2.2
99,"Dragic, Goran",MIA,75,39,36,31.7,24.9,55.1,45.2,6,16.7,35.9,12.4,15.6,79.4,6.3,22.2,28.5,13.9,9.4,5,3,3.6,13.1,13.4,68.2,-0.3
99,"Hezonja, Mario",ORL,75,21,54,22.1,18.6,39.7,46.9,4.6,12.8,36.1,7.9,10.2,77.3,5.2,15.8,21,10.9,6.4,3.7,2.3,2.1,8.5,9.3,49.8,2.7
99,"Augustin, D.J.",ORL,75,23,52,23.5,19.6,42.5,46,4.6,13.6,33.6,8,10.4,76.6,5,17.5,22.5,11.9,6.9,3.8,2.5,2.2,9.5,9.6,51.7,1.7
99,"Aldridge, LaMarcus",SAS,75,45,30,33.4,25.9,57.6,44.9,6.4,17.7,36.2,9.9,12.9,77,5.9,22.9,28.8,14.9,9.3,4.9,2.4,4.2,13.1,11.5,68,-3.7
99,"Antetokounmpo, Giannis",MIL,75,39,36,36.8,29.1,63.6,45.8,7.9,21.4,37.1,13.5,17.5,76.9,7.4,24.8,32.2,17.4,11.7,5.1,3.3,4.4,15.7,16.1,79.7,-2
99,"Davis, Anthony",NOP,75,45,30,36.4,30.9,69.5,44.4,8,23.4,34.3,11.3,14.4,78.8,8.5,25.7,34.3,17.7,11.1,6.1,3,4.8,16.1,13.6,81.1,-3.9
99,"Oladipo, Victor",IND,75,48,27,34,27.2,60.3,45.1,7.9,22.2,35.4,9.8,13,75.5,7.8,23,30.7,16.2,11.8,5.1,3.7,3.1,13.3,12.7,72.1,-4.5
99,"Snell, Tony",MIL,75,42,33,27.4,22.8,47.7,47.8,5.8,15.4,37.7,10.3,13.2,78,5.5,18.7,24.1,14,8.7,4,2.5,3,11.3,12.3,61.7,0.8
99,"Crabbe, Allen",BKN,75,25,50,29.3,25.3,53.9,46.9,4.9,13.4,36.1,11.5,15.2,76.2,6.6,22.3,28.9,13.2,7.6,4.5,3.4,3,11.8,13,67,1
99,"Abrines, Alex",OKC,75,42,33,15.1,11.9,26,45.8,3.4,9.4,36.6,5.6,7.2,77.1,3.1,10.6,13.8,7.1,4.8,2.2,1.3,1.6,6.9,6.8,32.7,-0.6
99,"Jokic, Nikola",DEN,75,43,32,32.6,27.3,57.5,47.4,7.2,19.2,37.8,9.3,12.4,74.5,6,20.8,26.8,16.7,8.8,5.3,3.1,2.9,14.2,11.8,71,-4.7
110,"Anderson, Kyle",SAS,74,41,33,26.7,21.3,47,45.4,4.7,13.6,34.7,7.6,9.9,76.6,5,18.6,23.5,12.4,7.8,4.2,2.2,3.5,10.8,8.9,54.9,-1.9
110,"Anunoby, OG",TOR,74,51,23,20,16.6,36.7,45.2,3.5,10.1,34.4,6.2,8.2,76.2,3.9,13.2,17.1,9.3,5.6,3.3,1.9,2.5,8.2,8.2,42.9,-4
110,"Lopez, Brook",LAL,74,34,40,23.4,20.5,44.1,46.4,5.4,14.5,37.5,7.6,10,76.1,4.8,17,21.8,12.4,6.5,4.3,2.4,2.4,9.4,9.4,54.1,1.1
110,"Johnson, Wesley",LAC,74,38,36,20.1,16.8,36.4,46.3,4.5,12.6,35.7,7.5,9.6,78.2,4.4,14.1,18.6,10.3,6.6,3.7,1.9,2.2,9.2,8.3,45.7,0.8
110,"Maker, Thon",MIL,74,40,34,16.7,13.8,28.4,48.4,3.6,9,39.6,6.7,8.4,79.8,3.6,11.7,15.3,8.2,5.7,2.4,1.3,1.7,6.7,7.6,37.8,2.2
110,"Johnson, Amir",PHI,74,47,27,15.8,12.5,28.1,44.5,3.2,9.3,34.7,6.4,8.5,75.9,2.8,10.7,13.5,7.3,5.2,3,1.9,1.5,5.4,7.9,34.7,-0.1
110,"Clark, Ian",NOP,74,43,31,19.7,16.8,37.1,45.4,4.1,11.9,34.2,6.6,8.7,76.3,4.7,13.7,18.5,9,5.6,3.5,1.6,2.3,8.3,8.1,44.4,-0.4
110,"Sabonis, Domantas",IND,74,45,29,24.5,19.9,42.8,46.4,5.3,15.6,34.2,7.8,10.1,76.5,4.9,15.8,20.7,11.8,8,3.8,2.6,1.7,9.6,10.1,52.8,-0.5
110,"Jerebko, Jonas",UTA,74,45,29,15.3,11.9,26.2,45.6,2.9,8.1,36.2,5.6,7,79.7,2.7,10.4,13.1,6.3,4.5,2.5,1.1,1.3,6.6,6.7,32.4,-0.8
110,"Kidd-Gilchrist, Michael",CHA,74,34,40,25,21.7,46.7,46.6,6,15.8,38,6.4,8.1,79.1,4.4,18.1,22.5,13.1,7,3.5,2.8,2.6,11.5,7.9,55.9,-0.7
110,"Chandler, Wilson",DEN,74,41,33,31.7,27.2,56.8,47.9,7.2,19.2,37.6,9.1,12.7,72,6.2,21,27.3,16.6,9.1,5.1,3,3.4,12.9,11.6,70.7,-0.8
110,"Napier, Shabazz",POR,74,46,28,20.7,16.3,36.9,44.2,4.2,11.5,36.4,6.7,9,74.2,4.3,14.1,18.4,8.7,5.4,2.9,2.2,2.1,8.6,8.1,43.5,-1.1
110,"Collins, John",ATL,74,21,53,24.1,20.1,43.3,46.3,5.8,15.4,37.7,7.8,10.1,77.3,5.5,17.3,22.7,13,7.9,4.5,2.8,2.2,10,9.7,53.7,3
110,"Grant, Jerian",CHI,74,24,50,22.8,19,40.6,46.7,5.7,15.1,37.7,7.3,9.1,79.8,4.1,17.3,21.4,12.1,6,3.4,2.1,1.5,9.1,8.8,50.9,3.4
110,"Plumlee, Mason",DEN,74,40,34,19.5,16.7,35.5,46.9,4.6,11.8,38.9,6.1,8.1,75.5,4.5,12.7,17.2,10,5.9,3.7,1.9,2.3,8.2,7.8,44.1,0.7
110,"Caldwell-Pope, Kentavious",LAL,74,31,43,33.2,28.4,61.7,46.1,6.8,19.9,34.3,11.7,15.1,77.4,6.7,23.9,30.5,16.6,9.4,5.5,3.7,3.4,13.9,14.2,75.4,0.6
110,"Beasley, Michael",NYK,74,24,50,22.3,18.4,39.5,46.6,4.9,13.3,37,9.3,12.1,76.9,4.9,15.2,20,11.4,6.1,4,2.1,2.4,8,10,50.9,1.8
110,"Capela, Clint",HOU,74,62,12,27.5,23.5,49.7,47.2,5.6,15.6,36.1,6.3,8.5,74.2,5,18.9,23.9,13.4,8.1,4.1,2.8,3.2,11.6,9.7,58.9,-5.1
128,"Lillard, Damian",POR,73,44,29,36.6,29.3,65.6,44.7,7.2,20.2,35.5,12.8,16.7,76.4,6.9,25.7,32.6,15.2,9.8,5.7,4.1,4.2,15.1,14.6,78.5,-4.7
128,"Morris, Markieff",WAS,73,37,36,27,21.8,47.1,46.3,5.5,15.8,34.5,9.7,12.3,78.2,5.6,18.1,23.6,12.6,8,4.5,2.5,2.4,10,10.9,58.7,-0.4
128,"Thornwell, Sindarius",LAC,73,36,37,15.8,12.7,28.9,44.1,3.7,10.2,36.2,6.4,8.2,79,3.4,10.9,14.3,7.9,4.8,2.8,2.2,1.5,7.2,6.9,35.6,1.4
128,"Satoransky, Tomas",WAS,73,39,34,22.5,17.8,38.9,45.7,4.4,13.4,33.2,8.3,11.2,74.2,4.4,14.6,19,10.2,6.6,3.6,1.9,1.9,9.1,10.2,48.3,-1.1
128,"Dekker, Sam",LAC,73,36,37,12.1,9.8,22.1,44.4,2.4,7.3,32.8,4.7,6.1,77.8,2.8,8.1,10.9,6,3.8,2.2,1.6,1.2,5.3,5.5,26.8,-0.8
128,"Ojeleye, Semi",BOS,73,50,23,15.8,12.6,27.8,45.3,3.2,9,35.2,5.3,7.1,75.1,3.2,11.5,14.7,7.1,4.7,2.4,1.3,1.3,6.4,6.7,33.7,2.5
128,"Thompson, Klay",GSW,73,55,18,34.3,28.5,64.5,44.2,7.5,21.3,35.3,11.8,15.5,76.3,7.9,22.1,29.9,16.9,10.2,6.4,2.5,5.2,12.9,13.8,76.3,-5.4
128,"Johnson, James",MIA,73,37,36,26.6,20.6,46.6,44.3,5.2,15,34.9,10.9,13.8,79.3,5.4,18.4,23.8,11.4,7.5,4.3,2.4,3,10.3,11.6,57.4,0
128,"Cauley-Stein, Willie",SAC,73,23,50,28,22.3,47.4,47,7.2,19.2,37.8,10,12.8,77.9,5,20.1,25.2,13.8,8.8,4.7,2.9,2.4,10,11.4,61.8,4.4
128,"Thomas, Lance",NYK,73,25,48,18.5,14.9,32.3,46,4.1,11.5,36,7,8.8,78.8,3.6,12.5,16.1,8.9,5.3,3.5,1.9,1.6,6.9,8.2,40.9,2.5
128,"Korver, Kyle",CLE,73,43,30,21.6,17.7,39.5,44.7,5.1,14.5,35,6.8,9.3,72.8,4.5,14.8,19.4,10.9,6.2,3.2,1.9,2,10.2,9,47.2,-3.8
128,"Martin, Jarell",MEM,73,21,52,22.8,17.3,37.7,45.8,5.1,13.6,37.2,10.3,13.3,76.9,4.4,15.9,20.3,10.2,7.2,3.6,2.5,2.4,10.2,11.2,49.9,3.6
128,"West, David",GSW,73,52,21,13.7,10.6,24.4,43.4,2.4,7.4,32.2,4.4,6.1,72.5,3,8.9,11.9,6.3,4,2.4,0.9,2.3,4.9,5.8,28,-0.5
128,"Gasol, Marc",MEM,73,21,52,33,25.4,54.9,46.2,7.7,19.9,38.6,13.1,16.9,77.4,6.1,22.8,28.8,15,9.8,5.5,3.5,3.2,14.5,15.1,71.5,4.3
128,"Kennard, Luke",DET,73,34,39,20,15.8,35.4,44.5,4.4,13.1,33.5,5.9,7.5,79.4,4,13.8,17.8,10.4,6,2.9,1.8,1.8,7.9,7.4,41.8,-1.6
128,"Fox, De'Aaron",SAC,73,24,49,27.7,23.1,48.7,47.4,7.2,18.8,38.5,10,13,76.4,5.6,20.9,26.5,13.8,8.2,4.6,2.9,2.2,10.2,12,63.3,5.7
128,"Portis, Bobby",CHI,73,25,48,22.5,18.9,40.2,47.1,6,16.2,36.8,7.7,10,77.1,4.1,16.5,20.6,11.7,6.8,3.1,2.4,1.5,9,9.7,51.5,1.1
128,"Lyles, Trey",DEN,73,41,32,19.1,15.8,33.2,47.5,4.1,11,37.2,6.8,9.1,75,3.6,12.6,16.2,9.2,5.3,3,2,2.1,8.5,8.1,42.5,-0.1
128,"Carroll, DeMarre",BKN,73,25,48,29.9,25.4,54.7,46.4,5,13.8,36.7,11.2,14.5,76.6,6.8,22.4,29.2,13,7.9,4.6,3.4,3.1,12.2,12.8,67,0.9
147,"Johnson, Tyler",MIA,72,39,33,28.5,22.3,48.9,45.5,5.5,15.2,35.8,10.6,13.4,79,5.2,20.1,25.3,12.4,8.6,4.3,2.8,2.9,11.3,11.4,60.6,-0.6
147,"Holiday, Justin",CHI,72,24,48,31.5,26.5,56.8,46.6,7.8,20.7,37.9,10.3,12.9,79.7,5.1,24.8,29.9,16.8,8.8,4.6,3.3,2.5,10.7,11.6,71.1,2.5
147,"Chriss, Marquese",PHX,72,19,53,21.2,18.4,39.1,46.9,4.8,12.6,38,8.3,10.9,76,4.6,15.4,20,10.3,6,3.9,2.8,2.3,8.8,10,49.8,4.2
147,"Kleber, Maxi",DAL,72,20,52,16.8,13.6,29.2,46.5,3.3,9.6,34.2,5.8,7.6,77.1,2.7,13.3,16,8.3,4.6,2.4,1.7,1.7,6,6.6,36.3,1.8
147,"Horford, Al",BOS,72,47,25,31.6,24.3,56.4,43.2,6.2,18.4,33.8,10.1,12.9,78.2,6.5,21.9,28.4,13.6,8.7,4.6,2.8,3,11.8,12.7,65,-4.8
147,"Harden, James",HOU,72,59,13,35.4,29.5,62.9,46.8,7.5,21.2,35.4,10.6,14.1,75.1,6.5,23.6,30.1,16.5,10.9,5.7,3.3,3.6,15.9,14,77,-7.3
147,"Allen, Jarrett",BKN,72,25,47,20,17.3,37.7,46,3.8,10.3,36.8,6.8,9.1,74.4,4.9,14.5,19.3,9,5.2,3.5,2.2,2.3,7.8,8,45.2,1.9
154,"Koufos, Kosta",SAC,71,22,49,19.6,15.6,34,45.9,4.7,12.3,38.2,5.8,7.7,75.9,3.9,14.6,18.5,9.4,5.5,2.8,1.9,1.7,6.6,8,41.8,3.1
154,"Kanter, Enes",NYK,71,27,44,25.8,22.1,46.5,47.5,6.1,16.1,37.9,8.4,10.7,78.2,5.3,17.1,22.3,13.5,7,4.7,2.7,2.3,9.9,9.8,58.7,2.6
154,"Livingston, Shaun",GSW,71,49,22,15.9,12.5,28.9,43,3.1,9,34.2,6.2,8.2,75.3,3.6,10.2,13.8,7.4,4.8,2.7,0.9,2.9,5.7,7.1,34.1,-1.6
154,"Bledsoe, Eric",MIL,71,40,31,31.5,25.3,55.1,46,6.8,18.3,37.1,11.8,15.2,77.8,7.1,20.6,27.7,15.1,10.6,4.8,3.2,3.8,13.6,14,69.3,-2.7
154,"Ulis, Tyler",PHX,71,20,51,23.4,20.2,42.8,47.2,5.3,14.1,37.8,8.4,10.8,77.5,5.1,16.8,21.9,11.2,6.6,4.4,2.6,2.1,10,10.3,54.1,4.5
154,"LeVert, Caris",BKN,71,25,46,26.2,22.6,49.1,46.1,5.6,15,37.2,9.7,12.7,76.6,5.7,19.9,25.6,11.9,6.8,4.3,3,2.5,11.3,11.2,60.6,3.7
160,"Acy, Quincy",BKN,70,26,44,19.4,16,35,45.8,4,10.6,38.3,7.5,9.7,77,4,14.4,18.4,8.5,5,3,2,1.7,7.9,8.7,43.6,0.8
160,"Teague, Jeff",MIN,70,41,29,33,27.5,58.3,47.2,7.8,20.9,37,11.4,14.5,78.3,6.8,21.9,28.7,16.4,10.3,4.5,3.4,2.9,14.5,12.1,74.2,-2
160,"Nwaba, David",CHI,70,26,44,23.5,20.2,42.8,47.1,6,16.9,35.4,7.5,9.7,77.5,4.4,17.2,21.6,13,6.7,3.3,2.7,1.8,9.1,9.8,53.9,3.4
160,"Redick, JJ",PHI,70,45,25,30.2,24.2,56,43.3,6.5,18.6,34.8,11.9,15.9,75,6.2,19.8,26,14,8.7,5.4,3.2,3.3,13.6,13.6,66.9,-4.4
160,"Green, Danny",SAS,70,40,30,25.6,20.1,44.7,44.8,5.1,14.4,35.2,7.3,9.6,75.9,4.9,17.7,22.6,11.6,7.2,3.9,1.9,3.4,9.9,8.6,52.4,-1.3
160,"Powell, Norman",TOR,70,51,19,15.2,12.3,26.6,46.3,2.9,7.8,37.9,5.8,7.4,77.6,3.2,10.6,13.8,6.9,4.8,2.4,1.6,1.7,5.6,7.1,33.3,0.3
160,"Miles, CJ",TOR,70,50,20,19.1,14.7,33.2,44.3,3.3,9.5,34.7,7.5,9.8,76.2,4.3,13.6,17.9,8.5,6.1,2.6,2.3,2.7,7.8,9.2,40.2,-3.9
160,"Brown, Jaylen",BOS,70,47,23,30.7,23.6,54.4,43.4,5.9,17.5,33.5,10.2,13.2,77.5,6.2,21.4,27.7,13.6,9.1,4.4,3,3,11.9,12.1,63.3,-4.8
160,"Green, Draymond",GSW,70,48,22,32.7,27.3,61.5,44.3,7.6,20.8,36.4,11.5,14.9,77.1,7.3,21.5,28.8,16.5,10.2,6.1,2.4,4.6,12.5,13.1,73.6,-4.4
169,"Huestis, Josh",OKC,69,43,26,14.2,10.9,24.9,43.8,3.3,8.9,37,4.5,6.1,73.9,2.9,9.2,12.1,6.5,4.2,2.3,1.3,2,6.2,5.6,29.7,-1.6
169,"Wright, Delon",TOR,69,49,20,20.8,15.9,35.4,44.7,3.7,10.4,35.3,8,10.7,74.8,4.5,13.9,18.4,8.7,6.8,3.1,2.2,2.9,8.6,9.6,43.4,-3.4
169,"Simmons, Jonathon",ORL,69,21,48,29.4,25.9,53.9,47.9,6.2,16.7,37.4,10.2,13.2,77.5,6.5,21.3,27.9,15.3,8.2,5.1,3.1,3.1,11.6,12.1,68.1,4.3
169,"Johnson, Stanley",DET,69,33,36,27.4,22,48.4,45.4,6.5,18,36.2,8.5,11.1,76.8,5.2,19.7,24.9,14,8.5,4.4,2.9,1.9,10.3,10.9,59,0.7
169,"Adebayo, Bam",MIA,69,34,35,19.8,15.1,33.7,44.9,3.7,10.8,34.3,6.9,8.7,79.1,3.2,13.7,16.9,8.5,5.7,3.1,1.9,2.2,7.9,7.9,40.9,0.5
169,"Mack, Shelvin",ORL,69,21,48,19.8,15.8,34.9,45.2,4.2,11.9,35.5,6.8,9,75.9,4.3,13.9,18.2,9.4,5.9,3.1,1.9,2.1,8.1,7.9,42.6,1.1
169,"Aminu, Al-Farouq",POR,69,40,29,30,24.2,54,44.8,6.1,16.4,37,10,13,76.6,5.9,21.6,27.6,13.1,8.4,4.4,3,3.7,11.8,11.7,64.3,-3.2
169,"Len, Alex",PHX,69,20,49,20.2,17.7,38,46.5,5,12.9,38.3,7.7,10.2,75.1,4.4,14.8,19.1,10.2,5.4,3.5,2.6,2.1,9.5,9.2,47.9,3.7
169,"Collison, Darren",IND,69,39,30,29.3,24.4,51.5,47.4,6.9,18.6,36.9,8.3,11.2,73.9,6.4,19.6,26,14.9,10,4.3,3.1,2.8,10.4,11,64,-1.9
169,"O'Neale, Royce",UTA,69,43,26,16.7,12.3,28.9,42.8,3,9.1,33,5.6,7.4,75.5,2.9,11.1,13.9,6.3,5,2.8,1.6,2,7.5,6.7,33.3,-2.8
169,"Barea, J.J.",DAL,69,23,46,23.2,18.8,40.2,46.8,5.2,14.2,36.9,7.8,9.9,78.7,4.5,16.9,21.4,11.4,6.8,3.4,1.9,1.6,10.3,9.1,50.7,-0.3
169,"Gordon, Eric",HOU,69,55,14,31.2,25.6,56.2,45.5,6.3,18.9,33.4,9.8,13.3,73.3,5.6,21.4,27.1,14,9,4.7,3,3.2,13.7,12.9,67.2,-8.5
169,"Pachulia, Zaza",GSW,69,47,22,14.1,12.7,27.2,46.5,3.4,8.6,39.6,3.3,4.4,74.9,2.9,9,11.9,7.7,4.1,2.6,1.3,1.6,5,4.8,32,-2.8
169,"Smith Jr., Dennis",DAL,69,22,47,29.7,25.1,52.2,48.1,6.9,18.6,37.3,9.7,13.2,73.8,5.4,23.4,28.8,15.2,8.2,4.6,3,2.2,11.2,11.7,66.9,4.7
183,"Markkanen, Lauri",CHI,68,23,45,29.7,25.4,53.1,47.8,7.1,18.6,38,10.3,13,79.5,4.8,23.1,27.9,16.1,7.9,4.6,3,2.3,10,11.5,68.1,5.7
183,"Durant, Kevin",GSW,68,49,19,34.2,29.5,65.5,45.1,7.8,21.5,36.1,12.4,15.9,77.9,8.3,22.1,30.3,17.1,10,6.5,2.6,5.2,13.6,13.9,79.3,-5.1
183,"Winslow, Justise",MIA,68,33,35,24.7,19,42.9,44.3,5,14.1,35.2,8.8,11.5,76.9,4.6,17.7,22.3,10.4,7.4,3.8,2.3,2.7,10.3,10,51.8,-0.4
183,"Jackson, Justin",SAC,68,21,47,22.2,18.2,38.9,46.7,5.5,14.8,37.5,7,9.1,77.6,4.3,16.5,20.8,11,6.4,3.5,2.1,1.9,7.6,8.7,48.9,3.5
183,"Hollis-Jefferson, Rondae",BKN,68,26,42,28.2,25,53.3,46.8,5.1,13.7,37.2,10.5,13.9,75.3,6.1,21.3,27.3,13.2,7.1,4.5,3.1,3,12.6,12.1,65.5,2.7
188,"Moreland, Eric",DET,67,32,35,12,9,20.5,43.8,2.9,7.8,36.9,3.2,4.4,73.3,2.5,8.7,11.2,6.2,4.2,1.6,0.9,1,4.3,4.6,24,0
188,"Taylor, Isaiah",ATL,67,18,49,17.4,14.2,31.5,45,4.1,11.7,35.6,6,8,75.3,3.5,12.3,15.8,9,5,3,1.9,1.4,7.6,7.4,38.5,0.5
188,"Harris, Gary",DEN,67,37,30,34.4,29.3,61.1,48,7.3,20.1,36.4,10.3,14.1,73.1,6.8,22.3,29.1,17.5,10.4,5.7,3.3,3.3,14.2,12.9,76.2,-2.6
188,"Ariza, Trevor",HOU,67,51,16,33.9,28.4,60.3,47,6.9,19.6,35,10.3,13.6,75.4,6.2,23.4,29.6,15.5,10.8,5.4,3,3.3,14.3,13.7,73.9,-5.5
188,"Schroder, Dennis",ATL,67,21,46,31,26.9,55.7,48.3,7.5,19.3,38.8,10.2,12.9,79,6.9,21.7,28.6,17.6,10.4,5.6,3.8,3.1,13,12.7,71.4,4.1
188,"Bjelica, Nemanja",MIN,67,38,29,20.5,17.3,36.4,47.6,4.3,12.6,34.4,6.7,8.8,76.3,3.9,14.1,18.1,10.4,6,2.9,2.3,1.4,8.5,8.3,45.7,-0.1
194,"Looney, Kevon",GSW,66,45,21,13.8,11.2,25.1,44.6,3.1,8.6,36.3,4.7,6.3,75.4,2.7,9,11.7,6.8,4,2.4,1.2,2.1,5.4,5.7,30.2,-1.8
194,"Anderson, Ryan",HOU,66,52,14,26.1,22.3,46.9,47.5,5.5,15,36.8,7.8,10.3,75.8,4.4,18.3,22.7,12.9,7.3,4,2.3,2.4,11,10.7,57.9,-3.8
194,"Collins, Zach",POR,66,41,25,15.8,12.3,27.7,44.4,3.3,8.7,37.3,6.1,8.3,73.3,3,10.4,13.4,6.3,3.5,2.3,1.6,1.3,5.9,7.2,33.9,-0.2
194,"Chalmers, Mario",MEM,66,21,45,21.5,16.2,35.7,45.5,4.5,12.4,36.3,9.7,12.7,76.7,4.5,15,19.5,9.5,7.6,3.6,2.3,2.1,10.2,11,46.7,0.9
198,"Bazemore, Kent",ATL,65,19,46,27.5,23.2,49.6,46.8,6.5,17.5,37.3,8.9,11.7,76.4,6.5,19,25.4,14.7,9.4,5.4,3.1,2.8,12,11.4,61.9,2.5
198,"Temple, Garrett",SAC,65,23,42,24.8,19.3,41.8,46.2,6.2,16.4,37.5,9.4,12.1,77.6,4.7,17.7,22.4,11.7,7.5,4.2,2.4,2.3,9.4,11.1,54.2,4.1
198,"McGee, JaVale",GSW,65,45,20,9.5,8.3,17.9,46.1,2.2,6,36.7,3,4.1,74.2,2.1,6.2,8.4,4.8,2.8,1.8,0.7,1.8,3.5,3.6,21.8,-0.6
198,"Warren, TJ",PHX,65,18,47,33,28.9,61.2,47.2,7.2,19.4,37.2,13.6,17.6,77.3,7.5,23.7,31.1,16,9,5.9,4,3.5,14.4,15.5,78.6,6.7
198,"Rondo, Rajon",NOP,65,41,24,26.2,23.2,50.9,45.6,6,16.6,36.1,8.1,10.2,79.1,6.3,18.9,25.2,13.6,7.7,4.6,2.3,3.5,10.6,9.7,60.5,-0.3
198,"Ginobili, Manu",SAS,65,39,26,20,16,35,45.7,3.8,10.7,35.6,7.4,9.6,77,4,13.2,17.2,9,5.6,3.3,1.7,2.3,9,8.4,43.2,-1.1
198,"Turner, Myles",IND,65,39,26,28.2,23.1,50.4,45.8,6.6,18.3,36.1,7.9,10.3,76,6.4,19.5,26,14.1,9.3,4,2.9,3.1,10.7,10.1,60.6,-1.8
205,"Lopez, Robin",CHI,64,23,41,26.4,22.4,47.6,47,5.9,15.6,37.9,7.9,9.9,79.9,4.1,20.9,25,13.8,6.9,3.6,2.6,2.2,8.3,9.1,58.5,3.1
205,"Iguodala, Andre",GSW,64,46,18,25.4,20.1,46.5,43.2,4.8,14.7,32.5,9.1,12.2,74.6,5.7,16.9,22.6,11.6,7.6,4.5,1.9,4,10.2,10.5,54,-4.3
205,"Burks, Alec",UTA,64,37,27,16.5,13.1,28.3,46.1,3.6,9.5,37.5,5.8,7.4,78.2,2.8,11.6,14.3,7.1,4.7,2.8,1.5,1.7,7.4,6.6,35.5,0.2
205,"Paul, Brandon",SAS,64,38,26,9,7,15.4,45.6,1.6,5.2,31.4,3,4,73.4,1.8,6.2,8,3.7,3.3,1.8,0.7,0.9,4.2,3.7,18.7,0.1
205,"Batum, Nicolas",CHA,64,27,37,31,27.3,57.7,47.3,7.2,18.8,38.4,8.7,11,78.8,5.6,22.3,27.9,16.4,8.5,4.5,3.2,3.4,14.2,10.3,70.5,-0.1
210,"Theis, Daniel",BOS,63,44,19,14.9,11.1,25.5,43.5,3,8.3,36.1,5.9,8,74.2,3,10.4,13.4,6.4,4.5,2.4,1.4,1.6,6.5,6.9,31.1,0
210,"Udoh, Ekpe",UTA,63,36,27,12.9,9.6,21.3,45.1,2.5,7.1,35.1,4.9,6.3,77.8,2.1,9.4,11.5,5.2,4.3,2.1,1.1,1.7,5,5.5,26.6,-1
210,"Graham, Treveon",CHA,63,28,35,16.7,13.8,28.9,47.7,3.8,10,38.5,5.8,7.1,81.6,2.6,12.8,15.4,8.7,4.9,2,1.6,1.2,7.5,6.9,37.2,1.5
210,"Monk, Malik",CHA,63,26,37,13.6,12,24.4,48.9,3.2,8.5,37.6,5,6.3,79.3,2.4,10.8,13.2,7,3.7,2.1,1.1,1,5.9,5.7,32.1,3
210,"Hart, Josh",LAL,63,27,36,23.2,19.5,42.5,45.9,5.3,14.8,36.1,8.3,11.2,74,5.1,15.8,20.9,11.2,6.6,4,2.4,2,9.4,10.3,52.7,1.2
210,"Matthews, Wesley",DAL,63,20,43,33.8,28.3,58.2,48.7,7.6,20.1,37.7,11.9,15.7,76,6.2,26.3,32.6,16.8,9.7,5.4,3.2,2.7,13.3,13.5,76.1,5.1
210,"Embiid, Joel",PHI,63,41,22,30.3,23.1,55.1,42,5.9,17.9,32.9,11,14.9,74.4,6.6,19.6,26.2,12.8,8.3,5.1,2.8,3.4,14.7,12.8,63.1,-7.7
217,"Jack, Jarrett",NYK,62,26,36,25,20.8,45.3,46,5.9,16,36.8,8,10.6,75.9,5,16.5,21.6,12.6,6.4,4.2,2.7,2.8,9.8,9.4,55.6,0.3
217,"Dedmon, Dewayne",ATL,62,18,44,24.9,20.8,44.8,46.4,6,16.6,36.4,8.3,10.6,78.4,5.1,17.4,22.5,13.5,7.6,4.5,2.6,2.3,9.7,10.3,55.9,2.5
217,"Beasley, Malik",DEN,62,34,28,9.4,7.8,17,45.9,2.2,5.9,37.5,3.5,4.7,74.7,2,6.5,8.5,4.5,2.8,1.5,0.9,0.9,3.9,4,21.3,0.4
217,"Bullock, Reggie",DET,62,32,30,27.9,23,50.2,45.8,6.7,18.5,36.1,8.5,10.9,78.6,5.2,20.5,25.7,14.5,8.2,4.1,2.8,2.4,10.2,10.3,61.2,-0.4
217,"Iwundu, Wes",ORL,62,18,44,16.5,13.2,28.7,46.1,3.3,9.5,34.8,5.5,7,77.5,3.3,12.1,15.3,8.1,5.1,2.5,1.8,1.5,6.7,6.2,35.2,1.7
217,"Davis, Deyonta",MEM,62,16,46,15.2,12.3,26.7,46,3.3,9.8,33.5,6.8,9.1,74.5,3.8,10.2,14.1,7.4,4.7,2.8,1.4,1.7,5.8,7.7,34.6,2.6
223,"Ferguson, Terrance",OKC,61,37,24,12.5,10.4,21.9,47.3,3,7.4,41,4.1,5.3,77.7,2.7,8.5,11.3,6.4,3.8,2,1.2,1.4,4.4,5.1,27.9,1.4
223,"Mbah a Moute, Luc",HOU,61,52,9,25.6,20.3,45.4,44.8,5.5,15.8,35,7.6,10.3,73.5,4.8,17.5,22.3,12,8,4,2.6,2.6,10.7,10.4,53.8,-5
223,"Osman, Cedi",CLE,61,35,26,11,9.4,20,47.1,2.8,7.5,37.7,3.3,4.3,77.3,2.1,7.5,9.6,5.9,3.1,1.6,0.8,0.8,4.3,4.5,25,-0.6
223,"Mejri, Salah",DAL,61,21,40,11.9,9,20.6,43.8,2.6,7.2,36.1,4.3,5.7,75.4,2.4,8.7,11.1,5.5,3.3,1.5,1.1,1.6,4.7,4.9,24.9,-0.3
223,"Rivers, Austin",LAC,61,30,31,33.7,28.8,60.4,47.7,7.6,20.6,37.1,11.4,14.9,76.6,7,22.7,29.6,17.9,9.3,5.6,3.9,2.9,14.5,13.8,76.6,1
228,"Labissiere, Skal",SAC,60,19,41,20.7,17,36.1,47.1,5.1,13.5,37.4,6.8,8.9,75.9,4.1,14.6,18.6,10.3,6.2,3.7,1.9,1.9,7.9,8.4,45.8,2
228,"Irving, Kyrie",BOS,60,41,19,32.2,25.4,57.5,44.1,6.2,18.3,33.5,11.5,14.8,78.1,7,22.6,29.5,14,9.1,4.9,3.2,3.3,12.3,13.3,68.4,-4.3
230,"Frazier, Tim",WAS,59,31,28,14.2,11.4,24,47.5,3.5,9.3,37.5,4.9,6.7,73.7,2.5,9.7,12.3,6.5,4.5,2.1,1.6,1.1,5.9,6.4,31.2,1.4
230,"Love, Kevin",CLE,59,37,22,28,24.8,51,48.6,7,18.3,38.2,7.3,9.7,75.2,5.7,19.2,25,15.8,7.8,4.6,2.6,2,12.4,9.9,63.8,-1.3
230,"Ingram, Brandon",LAL,59,27,32,33.5,28.4,62.5,45.4,7.3,20.7,35.3,12.1,15.4,78,7.2,24,31.3,16.4,9.7,5.5,4.2,3.6,14.4,14.4,76.1,2.2
230,"Harkless, Maurice",POR,59,36,23,21.4,17.2,38,45.3,4.6,11.8,39.2,7.3,9.5,76.2,4.1,14.6,18.7,9.3,6.1,3.7,2.3,2.7,8.3,8.7,46.4,-0.1
230,"Randolph, Zach",SAC,59,18,41,25.6,21.7,44.1,49.2,6.9,16.8,40.7,8.3,10.8,76.6,4.5,18.1,22.5,13.6,6.9,4.5,2.5,1.8,8.9,10.3,58.6,6
230,"Butler, Jimmy",MIN,59,37,22,36.7,29.1,62.8,46.3,7.9,22,35.8,11.6,14.9,77.8,7.4,23.3,30.7,17,12,4.7,3.2,3.4,16.3,13,77.7,-6.3
236,"Paul, Chris",HOU,58,50,8,31.8,25.9,55.9,46.3,6.8,18.8,36.1,9.1,12.1,75.1,5.8,21.8,27.6,14.6,9.7,4.4,2.7,3.1,13.3,12.2,67.6,-8.6
236,"Galloway, Langston",DET,58,28,30,14.9,11.2,25.6,43.5,3,9.3,32.8,4.3,5.9,73.7,2.9,11.1,14,7.2,4.8,2.3,1.2,1.2,5.7,5.7,29.7,-1.3
236,"Gordon, Aaron",ORL,58,19,39,32.9,28.8,60.6,47.6,6.6,18.6,35.6,10.4,13.5,77,6.9,24.5,31.4,17.2,10.1,5.3,3.3,3.4,12.9,12.5,74.7,1.6
236,"Carter, Vince",SAC,58,20,38,17.7,13.7,29.9,45.8,4.4,11.8,37.5,5.9,8,74,3.5,12.7,16.2,8.1,5.6,2.6,1.8,1.6,6.5,7.5,37.7,1.2
240,"Vucevic, Nikola",ORL,57,17,40,29.5,25.4,53.9,47.2,6.2,17,36.8,9.9,12.7,78,5.9,22.2,28.1,15.7,9.3,4.9,2.9,2.6,11.1,11.3,67,0.6
240,"Gay, Rudy",SAS,57,36,21,21.6,16.9,37.2,45.5,4.2,12.2,34.5,7.2,9.5,75.6,4.1,14.5,18.5,9.6,6.2,3.4,1.7,2.2,9.2,8.3,45.2,-1.4
240,"Calderon, Jose",CLE,57,33,24,16,13.6,28.4,47.9,3.8,10,37.4,4.1,5.3,76.3,3.2,11.3,14.5,8.5,4.7,2.6,1.1,1.2,6,5.2,35.1,-1.1
240,"McCaw, Patrick",GSW,57,41,16,16.9,14.6,31.2,46.6,3.5,9.5,37,6.3,8.5,74.4,3.9,11.5,15.4,8.2,5,3.2,1.5,3,6.4,7.4,38.9,1.5
240,"Hardaway Jr., Tim",NYK,57,19,38,33.1,27.4,59.7,45.8,8.2,21.8,37.8,12,15.6,77.2,6.9,23,29.9,17,9.1,5.3,3.5,3.2,13.2,13.3,75,1.3
240,"Bell, Jordan",GSW,57,43,14,14.2,11.5,26.5,43.2,3.1,8.7,35.8,5.2,7.1,73.8,3.6,9,12.6,6.6,4.3,2.4,1.2,2.7,5.4,5.8,31.3,-2.8
240,"Fournier, Evan",ORL,57,20,37,32.2,28.8,59.7,48.2,6.5,18,36,10.9,14.1,77.7,7.1,23.6,30.7,17,9.8,5.2,3.2,3.2,12.3,13,75,2.1
247,"Gobert, Rudy",UTA,56,37,19,32.4,24.7,56.7,43.5,6.2,17.1,36.3,9.4,12.4,76.3,5.8,21.7,27.6,13.1,10.3,5.9,3.6,3.7,15.1,13.1,65,-6.1
247,"McLemore, Ben",MEM,56,7,49,19.5,15.4,32.8,47.1,4.5,11.7,38.3,9.1,11.9,76.8,4,13.4,17.3,9.6,6.2,3.9,2.1,2,8.1,10,44.4,5.7
247,"Dorsey, Tyler",ATL,56,15,41,17.4,14.9,32,46.5,4.5,11.5,38.8,5.4,7,78,3.2,12.6,15.8,9.8,4.4,3,2.2,1.3,7.4,6.6,39.7,2.7
247,"Harrison, Andrew",MEM,56,17,39,23.7,17.8,39.1,45.5,5.6,14.4,38.4,9.8,12.6,77.9,4.2,16.2,20.3,10.9,6.6,3.7,2.7,2.4,10.3,11.2,50.9,3.6
251,"Parker, Tony",SAS,55,32,23,19.5,16,34.3,46.6,3.7,10.6,34.5,5.8,7.6,76.7,3.9,13.8,17.7,9.2,5.6,3.2,1.4,2,7.7,6.6,41.4,0.2
251,"Lauvergne, Joffrey",SAS,55,30,25,9.7,8.1,17,47.4,1.9,5.5,34,3.6,4.5,79.9,2.1,6.4,8.4,4.6,3.2,1.7,1.1,0.8,4,4.2,21.6,1.2
251,"Green, JaMychal",MEM,55,11,44,28,21.7,46.3,46.9,6.3,17,37.2,11.8,15.4,76.8,4.9,19.1,24,13.1,7.6,4.8,3.1,2.4,11.3,13.8,61.5,4.5
251,"McDermott, Doug",NYK,55,23,32,21.3,16.5,36.9,44.8,4.8,13,36.9,8.2,11.1,73.7,4.2,14.1,18.4,9.4,6.2,3.5,2.1,2.3,8.6,10.3,46,1.5
251,"Felicio, Cristiano",CHI,55,13,42,17.8,14.9,31.4,47.5,5.1,13.5,37.5,5.9,7.4,79.5,3.3,13.8,17.1,10.1,5.1,3,2.1,1.1,5.9,7.2,40.8,6.1
251,"Plumlee, Miles",ATL,55,19,36,16.7,14.5,31.1,46.7,4.1,10.4,39.3,4.3,5.5,78.1,3.2,11.7,14.8,9.1,4.8,3.4,2,1.4,6.4,5.7,37.4,2.9
257,"Zipser, Paul",CHI,54,17,37,15.3,13,27.2,47.9,3.5,9.6,36.6,4.5,5.8,76.8,3.1,11.6,14.7,7.8,4.3,2.1,1.6,1.1,5.5,6.2,34,4
257,"Ennis, Tyler",LAL,54,22,32,12.7,10.3,23.4,43.9,2.5,7.8,32.3,4.4,5.8,75.9,2.7,9.2,11.9,5.8,3.6,2,1.4,1.1,5.6,5.9,27.5,0.4
257,"Delaney, Malcolm",ATL,54,16,38,18.8,15.2,32.7,46.6,4.2,11.9,35.8,6.9,9.3,74,4.1,12.7,16.9,9.4,6.3,3.1,2,1.5,8.8,8.5,41.6,1.9
257,"Morris, Marcus",BOS,54,34,20,26.7,21.8,47.9,45.5,5.2,15.3,34.1,8.9,11.6,76.4,5.3,19.3,24.6,12.4,7.3,4,2.8,2.5,10.9,10.5,57.7,-0.4
257,"Whiteside, Hassan",MIA,54,30,24,25.3,19.9,44.8,44.3,5,13.8,36,9.6,12.1,79.4,4.9,18.3,23.2,11.4,7,4.2,3,3.2,9.8,10.5,54.3,1.4
257,"Brewer, Corey",LAL,54,21,33,12.9,11.1,24,46.2,3,8.4,35.5,4.8,6.6,72.6,3.1,9.1,12.2,6.1,4.1,2.4,1.6,1.2,5.8,6.4,29.9,1.6
257,"Larkin, Shane",BOS,54,39,15,14.3,10.8,24,44.9,2.4,7.6,32.4,4.5,6.1,72.6,2.7,10.3,13,6,4.8,2.4,1.3,1.3,6.2,5.8,28.5,-0.2
257,"Booker, Devin",PHX,54,16,38,34.5,30.2,63.9,47.2,8,21.7,37,15.2,19.6,77.3,7.4,25.2,32.6,16.6,9.7,6.7,4.2,3.4,15.6,17.4,83.6,6.6
257,"Smart, Marcus",BOS,54,38,16,29.9,22.5,52.3,43,5.5,17,32.4,10.9,14.2,76.7,6.1,21.6,27.7,12.3,9.4,4.4,2.6,2.8,12,12.7,61.4,-3.9
257,"Brown, Sterling",MIL,54,26,28,14.4,11.4,25.5,44.5,2.7,8.3,33.2,5.4,6.6,82.3,3.3,9.9,13.1,7.3,4.6,2.4,1.6,1.6,5.7,6.3,30.9,0.9
267,"Thompson, Tristan",CLE,53,27,26,20.2,18.3,37.7,48.5,5.2,14.2,37,5.9,7.5,78.4,3.2,14.3,17.5,11.1,4.8,3.2,1.8,1.3,8.5,7.5,47.7,2.6
267,"Crowder, Jae",CLE,53,31,22,25.4,22.9,45.9,50,6.4,16.2,39.5,7.3,9.8,74.8,5.1,18.6,23.7,14.8,7.6,4.2,2.3,1.7,10.7,9.7,59.6,2.2
267,"Young, Joe",IND,53,28,25,10.5,8.6,18.4,46.8,1.9,6,31.6,3.8,5,74.5,2.1,7.5,9.6,4.7,2.8,1.5,1.1,0.7,4.2,4.5,22.9,1
267,"Clarkson, Jordan",LAL,53,22,31,23.7,19.4,42.9,45.1,5.1,15.2,33.3,8.9,11.7,75.8,5.1,16.1,21.2,10.5,7.6,4,2.6,2,10.1,10.9,52.7,0.4
267,"Afflalo, Arron",ORL,53,16,37,12.9,10.5,23.9,44.1,2.8,7.4,37.5,4.4,5.9,74.1,3.3,9.2,12.4,6,3.3,2,1.1,1.4,5.1,5.4,28.2,1.8
267,"Muscala, Mike",ATL,53,14,39,20,16.8,37.1,45.2,5.2,13.6,38.1,7.2,9.4,76.3,4.2,14.9,19.1,11,5.4,3.5,2.4,1.7,8.9,8.2,45.9,1.5
267,"Leaf, TJ",IND,53,31,22,8.7,7.5,15.3,49,1.8,5.2,35.2,3.3,4.6,72.1,1.8,6.1,8,3.9,2.2,1.4,1.1,0.6,3.3,3.8,20.2,1.5
267,"Bacon, Dwayne",CHA,53,25,28,13.5,11.4,25,45.4,3,8.6,34.8,4,4.9,80.5,2.3,10.2,12.5,6.3,3.7,2,1.2,0.9,6.4,4.7,29.7,-0.2
267,"Casspi, Omri",GSW,53,40,13,14,11.4,26.2,43.7,2.7,7.9,33.8,5.2,6.8,76.5,3.2,9.1,12.3,6.2,4,2.7,1.1,2.3,5.6,5.9,30.7,-1
276,"Evans, Tyreke",MEM,52,19,33,30.9,22.8,51.7,44.1,6.7,18.8,35.4,13.2,17.3,76,6.8,20.5,27.3,13.3,9.5,4.5,3.4,3.4,12.9,15.3,65.4,-0.5
276,"Dunn, Kris",CHI,52,19,33,29.3,25.3,52.6,48.1,7.3,19.1,38,10.1,13.1,77.4,4.9,22.8,27.7,15.8,8.3,4.5,3,2.4,9.6,11.9,68,5.3
276,"Ball, Lonzo",LAL,52,24,28,34.2,29.2,64.1,45.5,7.3,20.9,34.9,11.7,15,77.8,7,25.6,32.6,16.8,10.5,6,3.8,3.8,14,14.7,77.3,0.4
276,"Diallo, Cheick",NOP,52,29,23,11.2,10,21.3,47.1,2.7,7.1,37.3,3.9,5.1,76.2,2.7,8.1,10.8,5.7,3.1,1.9,0.9,1.1,3.8,4.7,26.5,2
276,"Speights, Marreese",ORL,52,15,37,13,10.1,23.5,43,2.3,7.5,31.4,5.3,6.7,78.8,3.2,9.4,12.6,5.9,3.4,1.9,1.3,1,5.7,5.8,27.8,-0.5
276,"Mason, Frank",SAC,52,17,35,18.9,14.7,31.6,46.5,4,11.3,35.4,5.8,7.7,75.6,3.7,12.9,16.5,8.9,5.9,2.6,1.9,1.8,6.7,7.4,39.2,0.7
276,Nene,HOU,52,42,10,14.6,10.9,25.2,43.3,3.3,9.6,34,5.4,7,77.3,2.3,10,12.2,5.8,5,2.3,1.2,1.1,6.3,6.5,30.5,-5.1
276,"Carter-Williams, Michael",CHA,52,23,29,16.1,12.9,27.3,47.5,3.4,9.5,35.9,5.7,6.8,83.6,2.5,11.9,14.4,7.9,4.9,1.7,1.5,1.5,8,6.8,35,1.2
276,"Luwawu-Cabarrot, Timothe",PHI,52,29,23,15.5,12.1,28.3,42.8,3.2,9.8,32.9,6.7,8.9,75.4,3.4,10.7,14.1,6.8,4.5,2.7,2.1,1.6,7,7.6,34.2,0.1
276,"Belinelli, Marco",ATL,52,16,36,23.3,19.8,40.8,48.5,5.3,13.8,38.6,8.4,11.1,75.7,5.2,16.4,21.6,12.8,7.4,3.9,2.6,1.9,9.7,9.8,53.3,3.6
286,"Terry, Jason",MIL,51,27,24,16,12.8,27,47.2,3.2,8.8,36.6,6.1,7.6,80.5,3.1,10.8,13.9,7.5,5.6,2.4,1.4,1.6,6.6,6.8,34.9,-0.4
286,"Black, Tarik",HOU,51,40,11,10.5,8.3,18.3,45.5,2.2,6.7,33.3,4.4,6,72.1,2,7.8,9.7,5,3.2,2,0.9,1,4.1,5.2,23.2,1.5
286,"Cunningham, Dante",NOP,51,28,23,21.9,18.7,41.2,45.3,4.6,13.3,34.6,7.6,9.3,81.3,4.7,16,20.7,10.5,6.6,3.5,1.7,2.4,9,9,49.5,0.6
286,"Curry, Stephen",GSW,51,41,10,32,28.1,62,45.4,7.6,20.6,37,11.1,14.5,76.9,7.3,20.6,27.9,16.1,10,5.9,2.5,4.8,13,13.1,75,-9.5
290,"Nogueira, Lucas",TOR,49,36,13,8.5,6.3,14.8,42.8,1.6,4.6,34.1,2.8,3.6,76.7,1.9,6.2,8.2,3.4,3.2,1.1,1,1.4,3.2,3.5,17,-1.8
291,"Russell, D'Angelo",BKN,48,16,32,25.7,23.1,48.8,47.4,5.1,12.7,40.6,10.5,13.5,77.6,6.4,19.9,26.3,12.1,7.1,4.7,2.6,3,11.2,11.5,61.9,3.8
291,"Porzingis, Kristaps",NYK,48,22,26,32.4,25.8,58.6,44,7.7,21.7,35.4,11.1,14.4,77.5,6.9,21.8,28.6,15.3,8.7,4.9,3.3,4.2,14.1,12.6,70.3,-0.3
291,"Harris, Tobias",DET,48,22,26,32.6,27.3,56.7,48,7.5,19.5,38.6,9.7,12.4,78.2,6.1,23,29.1,17.3,10.3,4.6,3.9,2.2,11.8,12,71.8,0.9
291,"Brogdon, Malcolm",MIL,48,25,23,29.9,23.7,50.2,47.1,5.9,15.7,37.4,12.9,16.5,77.8,5.5,20.3,25.7,14,9.4,4.4,2.7,3,11.9,14.3,66.1,1.3
291,"Nader, Abdel",BOS,48,33,15,10.9,8.8,18.8,46.5,2.7,6.4,42.2,4.2,5.5,76.1,1.8,7.8,9.5,5.3,3.1,2.3,0.9,0.9,4.4,4.6,24.4,2.3
291,"Holmes, Richaun",PHI,48,30,18,15.5,12.8,29,44.3,3.7,10.3,36,6.2,8.8,70.5,3.7,10.6,14.3,7.5,4.3,2.9,1.7,1.4,5.8,7.1,35.5,0.8
291,"Dudley, Jared",PHX,48,7,41,14.3,11.7,25,46.8,3.1,8.6,36.4,5.5,7.3,76.1,2.9,10.5,13.3,6.5,4.7,2.2,1.9,1.1,6.9,6.8,32,0
291,"Cousins, DeMarcus",NOP,48,27,21,36.2,30.3,65.4,46.3,8.6,22.9,37.5,11.3,14.6,77.5,7,24.5,31.5,17.9,10.9,6.5,3.4,3.9,16.7,14,80.5,-1.7
291,"Evans, Jawun",LAC,48,24,24,16.2,13.1,29.2,44.9,3.4,10.2,33.2,7,8.7,80.6,3.7,11.5,15.2,7.9,5.6,3,1.9,1.8,8,7.3,36.6,-0.2
300,"Ilyasova, Ersan",ATL,46,16,30,25.6,21.6,45.2,47.7,5.8,14.9,39,8.5,10.9,77.5,5.7,17.3,23,13.6,8.7,4.6,3,2.6,11.2,10.6,57.4,1.6
300,"Chandler, Tyson",PHX,46,15,31,25,21.6,45.8,47.1,5.7,15.2,37.4,9.4,12.3,76.7,5.5,18.1,23.5,11.8,6.6,5,2.7,2.2,10.3,11.3,58.2,5.3
300,"Wade, Dwyane",CLE,46,26,20,23.2,19.3,42.9,45,5.5,16.1,34,7.7,10.4,73.6,5.2,16.5,21.6,11.8,6.6,3.6,1.9,2.1,11.2,9.5,51.7,-1.4
303,"Ennis III, James",MEM,45,14,31,23.4,17.5,38.7,45.3,4.6,13.3,34.2,10.4,13.3,78.2,4.6,15.7,20.3,10.3,7.4,3.8,2.4,2.9,10.7,11.6,50,2.4
303,"Teodosic, Milos",LAC,45,29,16,25.2,21.6,47.6,45.5,5.5,15.8,34.6,8.3,10.6,78.2,5.8,17.9,23.6,12.8,6.8,4.3,2.6,2.1,11,10.2,57,-1.9
303,"Jackson, Reggie",DET,45,27,18,26.7,22,46.4,47.5,6.1,16.3,37.4,7.2,9.6,74.6,5.2,18.6,23.8,14.5,8.7,4,3,1.7,10.4,10,57.4,-0.3
306,"Payton, Elfrid",ORL,44,12,32,28.6,26.3,52.9,49.8,6.2,15.1,41.2,9.8,12.3,79.4,6.3,20.6,26.9,15.2,8.5,4.5,3.1,2.9,10.8,11.4,68.7,4.6
306,"Dotson, Damyean",NYK,44,11,33,10.8,8.4,19.6,42.6,2.2,6.8,32.7,3.9,5.1,76.4,2.7,7.9,10.5,4.7,3,2.1,1,1.2,3.6,4.5,22.9,0.9
306,"Harris, Devin",DAL,44,16,28,18.3,14.1,31.5,44.7,4.3,11.4,37.5,6.1,7.9,76.8,3.3,13,16.3,8.6,5.8,2.7,1.5,1.3,9.5,7.7,38.5,-2.6
306,"Frye, Channing",CLE,44,27,17,12.4,10.2,22.5,45.2,2.9,7.9,36.1,3.9,5.3,72.8,2.7,8.6,11.3,6.2,3.5,1.9,0.9,1,5.1,4.7,27.1,-1.9
310,"Nelson, Jameer",NOP,43,23,20,20.9,17.5,37.5,46.6,4.7,13,36.3,7.6,9.7,78.3,4.4,14.4,18.8,9.9,6.2,3.5,1.5,1.8,8.7,8.9,47.3,1.2
310,"Hill, George",SAC,43,13,30,26.6,21.8,44.8,48.7,6.9,17.5,39.5,8.9,11.7,76.2,4.7,18.1,22.9,13.5,7.4,4.6,2.3,2.1,9.3,11.2,59.4,5.7
310,"Zubac, Ivica",LAL,43,19,24,9.5,7.3,17.6,41.6,1.8,6.1,29.8,2.8,3.7,75.9,1.9,6.9,8.9,4.3,2.7,1.9,1.2,1,4,3.6,19.2,-1
313,"Georges-Hunt, Marcus",MIN,42,24,18,5.3,4.5,9.1,49.3,1.4,3.5,38.3,2.3,3,77.8,1.2,3.7,4.9,2.5,2,0.7,0.5,0.4,2.2,2.5,12.7,0.8
313,"Mudiay, Emmanuel",DEN,42,24,18,17.9,15.7,33.2,47.2,4.5,11.4,39.3,6,8.1,73.7,4.3,12.4,16.7,9.2,5.2,3.5,2.1,2.2,8.1,7,41.8,3.1
313,"Nance Jr., Larry",LAL,42,17,25,21.9,18.6,40,46.5,4.7,14,33.4,6.8,8.8,77,4.7,15.8,20.5,10.5,7.9,3.6,2.2,2,8.8,9.4,48.6,1
313,"Zeller, Tyler",BKN,42,15,27,16.7,14.4,31.2,46,2.7,7.8,34.3,4.9,6.7,73,3.3,12.9,16.1,7.7,3.5,2.7,2.1,1.4,6.5,6.5,36.3,-0.1
313,"Birch, Khem",ORL,42,14,28,13.8,10.8,23.8,45.5,2.9,8.2,34.7,4.5,5.9,76.8,2.6,9.4,12,6.7,3.9,1.7,1.4,1.3,5.6,5.1,29,-0.3
318,"Neto, Raul",UTA,41,28,13,12.2,8.7,20.9,41.4,2.1,6.8,31.4,4.5,5.8,77.8,2.1,8.5,10.7,4.3,3.4,1.9,1.2,1.6,5.6,4.9,24,-2.9
318,"Wall, John",WAS,41,23,18,34.4,28,61.7,45.3,7.1,20.7,34.5,13,16.5,78.9,7.7,24.1,31.8,15.8,10.9,5.8,3.2,3.5,14.8,14.4,76.1,-3.1
318,"Green, Gerald",HOU,41,33,8,22.7,18.2,40.3,45.2,4.4,13.8,32.3,7.4,9.9,74.8,4,17,21,10.5,6.3,3.1,1.8,2.3,8.8,9.4,48.2,-2.3
321,"Bradley, Avery",DET,40,17,23,31.7,26.7,55.2,48.3,7.3,18.5,39.1,9.7,12.6,77.1,6.1,22.8,28.9,17.1,10.5,4.8,4.1,2.3,11.9,12.3,70.3,3.1
322,"Craig, Torrey",DEN,39,22,17,16.1,13.8,29.6,46.8,4,10.3,38.8,5.9,7.6,76.8,3,10.6,13.6,8.4,3.9,2.4,1.8,1.7,7.3,6.6,37.6,1.6
322,"Bayless, Jerryd",PHI,39,21,18,23.7,19.1,42.4,45.1,4.8,14.6,32.9,10.7,13.9,76.8,4.9,16.3,21.2,10.2,7.2,4.5,2.5,2.6,9.9,12.2,53.7,1.8
322,"Reed, Willie",LAC,39,17,22,10.7,8.8,18.7,47.4,2,5.9,33.5,4.8,6.1,78.9,2.3,7.6,9.9,5.5,4,2.2,1.4,1.1,5.5,4.8,24.5,-0.4
322,"Roberson, Andre",OKC,39,24,15,26.6,19.4,43.9,44.1,5.9,17.5,33.9,7.6,10.3,73.9,4.5,16.7,21.2,12.3,10.3,4.4,2.2,2.6,11.4,10.3,52.3,-4.8
322,"Cavanaugh, Tyler",ATL,39,11,28,13.3,11.6,23.1,50.1,2.8,7.8,35.5,4.2,5.7,73,2.3,9.3,11.5,7.4,4.5,1.9,1.6,0.8,5.8,5.9,30.1,0.6
322,"Hood, Rodney",UTA,39,16,23,27.8,22.3,47.1,47.3,5.7,14.8,38.5,10.1,13.1,77.1,4.8,20.1,24.9,12,8.2,4.5,2.5,2.7,11.3,11.5,60.3,2.2
328,"Sefolosha, Thabo",UTA,38,16,22,21.2,16.2,35.5,45.5,4.5,12.2,36.9,7.1,9.5,74.6,3.7,14.7,18.4,8.4,7.1,3.4,2.2,2.3,9,8.6,43.9,-1.5
328,"Dellavedova, Matthew",MIL,38,21,17,18.7,15.5,32.2,48.2,3.8,10.4,36.4,6.7,8.7,77,3.7,13.3,16.9,9.4,5.7,2.7,1.7,1.9,7.5,8.5,41.6,2.1
328,"Ellenson, Henry",DET,38,21,17,8.7,6.8,15.3,44.2,1.7,6.1,28.7,2.4,3.3,73.2,1.4,6.4,7.8,4.6,2.6,1.3,0.6,0.7,2.9,3.1,17.7,0.1
328,"Millsap, Paul",DEN,38,22,16,30.1,25.3,54.4,46.5,6.9,18.5,37.5,8.6,12,72.1,6.9,19.6,26.4,15.7,9,5,2.6,3.1,12.6,11.4,66.2,-2.7
328,"Anderson, Justin",PHI,38,27,11,13.7,10.9,25,43.7,3.1,9.2,33.9,5.6,7.5,74.7,3.2,9.6,12.7,6.2,3.8,2.2,1.7,1.3,5.3,6.1,30.6,2.2
328,"Williams, C.J.",LAC,38,17,21,18.6,15.4,34.3,45.1,4.5,12.1,37,6.3,8.4,75.3,4.3,12.8,17.1,9.3,5.4,3.4,2.1,1.8,7.6,7.3,41.7,0.9
334,"Babbitt, Luke",ATL,37,8,29,15.4,13.1,27.5,47.6,4.1,10.7,38.5,4.8,6.1,79.1,3.1,10.7,13.8,8.4,4.9,2.7,1.7,1.1,6.9,5.6,35.2,0.6
334,"Caruso, Alex",LAL,37,16,21,15.2,12.4,26.9,45.8,2.9,9.2,31.3,5.1,7.2,71.2,3,10.8,13.8,6.8,5.1,2.8,1.6,1.3,6.4,6.4,32.7,0.1
336,"O'Bryant III, Johnny",CHA,36,15,21,10.5,8.6,18.4,46.7,2,5.8,34.3,4,5,80.1,1.9,9,10.9,5.6,3.4,1.1,1,0.9,4.3,4.8,23.2,2.4
336,"Burke, Trey",NYK,36,10,26,21.8,18.8,39.2,47.8,5,13.1,37.9,9.4,12,78.2,4.8,14.9,19.8,11.4,5.8,3,1.8,2.3,7.7,9.7,51.9,2.3
336,"Parsons, Chandler",MEM,36,12,24,19.2,15.3,32.1,47.7,4.3,10.9,39.3,8.8,11.2,78.2,3.6,13.5,17.1,8.1,5.4,2.9,2.1,1.7,7.8,9.4,43.6,2.4
336,"Rabb, Ivan",MEM,36,6,30,14.3,11.7,24.2,48.4,3.3,8.9,37.1,6.1,7.7,78.7,2.8,9.5,12.3,7.6,4.6,3.2,1.4,1.3,5.7,6.3,32.8,2.7
336,"Jefferson, Al",IND,36,17,19,13.4,11.1,23.9,46.4,2.8,8.1,34.1,4.4,6.3,70.2,2.9,9.6,12.6,5.9,3.5,1.7,1.6,1.2,4.9,5.3,29.4,0.3
341,"Stauskas, Nik",BKN,35,11,24,13.7,11.6,25.3,45.8,2.3,7.1,31.7,4.5,5.8,78.7,2.8,10.5,13.3,5.7,3,1.9,1.6,1.2,4.6,4.7,30,1.2
341,"Selden, Wayne",MEM,35,10,25,19.8,15.7,33.3,47.2,4.3,12.1,35.5,8.9,11.6,76.9,3.7,13.8,17.5,9.2,6.3,3.4,2.1,2,8.2,9.7,44.6,2.9
343,"Layman, Jake",POR,34,21,13,4.7,3.5,7.8,45.5,1.1,2.9,39.2,1.9,2.6,73.9,0.9,3.2,4.1,1.9,1.2,0.8,0.5,0.3,1.3,2,10.1,0.6
344,"Vonleh, Noah",POR,33,17,16,14.4,11.5,25.9,44.3,2.8,7.8,35.5,4.2,5.4,78.2,2.4,9.7,12.1,5.8,3.2,2.4,1.5,1.4,5.3,5.1,30,0.5
344,"Smith, Jason",WAS,33,15,18,8.6,7,15.2,46.1,2.4,6.2,38.9,3.8,4.8,80.9,1.8,6.8,8.6,4.1,2.7,1.3,0.9,0.9,4.2,4.1,20.3,2.5
344,"Yabusele, Guerschon",BOS,33,24,9,7.1,5.5,11.8,46.8,1.6,4,40.9,2.4,3.7,66.1,1.3,5.1,6.4,3.6,2.3,1.2,0.5,0.6,2.6,2.8,15.2,0.2
344,"Leonard, Meyers",POR,33,17,16,7.7,6.2,12.7,49.2,1.9,4.6,41.2,3.5,4.4,80,1.1,5.8,6.8,3.5,2.1,1.3,0.9,0.3,3.3,3.4,17.9,1.1
344,"Zeller, Cody",CHA,33,14,19,19,15.1,32.4,46.5,4.1,11.9,34.4,7.2,8.7,83.6,2.5,13.8,16.4,9.3,5.8,2.4,1.7,1.4,9.2,8.2,41.5,-0.7
344,"Griffin, Blake",LAC,33,17,16,34.5,28.8,61.9,46.5,7.3,20.5,35.7,12.7,16.5,76.7,7.9,23.5,31.4,16.9,10.7,6.1,3,3.2,17,14.5,77.6,-0.8
344,"Cook, Quinn",GSW,33,21,12,22.4,19.2,41.1,46.7,5,13.1,37.9,6.8,9.3,72.9,5,16.2,21.2,11.8,6.4,3.8,2,3,8.1,8.8,50.2,1.2
344,"Booker, Trevor",PHI,33,19,14,15,12,26.3,45.5,3.2,9.5,33.2,6.3,8.4,75.5,3,9.9,12.9,6.8,4.3,2.7,1.6,1.6,6.1,6.6,33.4,1.5
352,"James, Mike",PHX,32,10,22,20.9,17.8,38.9,45.8,4.3,12.2,35,8.7,11.8,73.5,4.5,16,20.5,9.6,6,3.7,2.3,2.3,9.6,9.3,48.5,0.9
352,"Collinsworth, Kyle",DAL,32,9,23,15,12.1,25.8,47,3.5,10,35,5,6.4,78.5,2.3,11.3,13.7,7.4,4.1,1.8,2,1.3,6,5.8,32.8,0.9
352,"Faried, Kenneth",DEN,32,16,16,14.4,12.4,25.3,48.9,2.7,7.6,35.7,4.5,6.1,73.7,2.3,9.2,11.5,6.7,3.7,2.2,1.5,1.2,6.3,5.4,31.9,1.3
352,"Muhammad, Shabazz",MIN,32,19,13,9.4,9.4,17,55.4,2.3,5.5,41.7,2.8,3.4,80.7,1.8,6.6,8.3,5.8,2.9,1.3,1.1,0.6,4.3,4.2,23.9,4.2
352,"Brooks, Aaron",MIN,32,19,13,5.9,5,9.9,50.8,1.7,4.1,41.5,2.8,3.5,77.9,1.1,4.2,5.2,2.9,1.8,0.8,0.5,0.3,2.2,3.3,14.5,2.3
352,"Johnson, Joe",UTA,32,16,16,21.9,17.5,38.3,45.8,5,12.7,39.3,7.2,9.4,75.8,4.9,16,20.9,10.2,6.6,4.2,1.7,2.2,8.2,8,47.1,3.1
352,"Harris, Tobias",LAC,32,17,15,34.5,30.1,64.1,47,8.5,23.2,36.7,12,15.2,79,7,24.1,31.1,18.8,9.1,6,4.6,2.7,14.4,12.8,80.8,2.1
352,"Zizic, Ante",CLE,32,21,11,6.7,6.1,12.1,50.4,1.7,4.4,39,2.3,3,76.8,1.1,4.1,5.2,3.7,1.9,1.1,0.3,0.7,2.5,2.6,16.2,1.2
352,"Simmons, Kobi",MEM,32,6,26,20.1,17.4,34.6,50.4,4.9,12,40.6,8.3,11,75.4,4,13.6,17.6,10.6,5.5,3.5,2,1.9,7.5,9,48.1,6.7
361,"Parker, Jabari",MIL,31,16,15,24,20.1,43.3,46.5,5.2,13.8,37.6,9.7,12.1,80.5,5.8,16.5,22.3,12.4,7.6,3.8,2.9,2.7,9.8,10.3,55.2,2.1
361,"Mozgov, Timofey",BKN,31,12,19,11.6,10.3,21.9,47.1,2.3,6.5,36,3.7,4.5,82,1.9,9,10.9,5.5,3.3,2.3,1.2,1.2,4.6,4.4,26.6,2.9
361,"Johnson, Dakari",OKC,31,21,10,5.2,3.3,8,40.6,0.9,3.2,29.3,1.9,2.5,75.6,0.9,3.5,4.4,2,2.1,0.8,0.5,0.5,2.1,2.2,9.4,-1
361,"Liggins, DeAndre",MIL,31,16,15,15.5,12.1,25.3,47.6,3,7.7,39.3,7.2,8.9,81.1,3,11.3,14.3,7.4,5.3,1.8,1.1,1.7,6.1,7.2,34.4,3.7
365,"Mirotic, Nikola",NOP,30,20,10,29.1,25.1,56,44.9,6,17.3,34.7,9.6,12.2,79.2,6.7,21.7,28.4,13.6,8.6,4.7,2.4,4.3,11.9,11.6,65.9,-2.8
365,"Noel, Nerlens",DAL,30,6,24,15.7,12.8,26.8,47.7,3.3,9.1,36.4,5.6,7.4,76.1,2.6,12.8,15.3,7.4,4.9,3,1.8,1.1,5.9,6.5,34.5,4
365,"Waiters, Dion",MIA,30,16,14,30.6,23.8,51.9,45.9,6,15.3,39.1,11.4,14.3,79.5,5.3,22.1,27.4,13.4,9.2,5.1,2.6,2.9,11.4,13,65.1,2.8
365,"Wallace, Tyrone",LAC,30,17,13,28.4,24.2,53.5,45.3,5.6,17.9,31.4,11.5,14.3,80.2,6.9,20,26.9,14.6,8.4,5.6,3.8,3,13.1,11.9,65.6,0.8
369,"Baker, Ron",NYK,29,12,17,13.3,10.3,23.2,44.3,2.8,8.1,34.2,5.2,6.8,76.5,3,8.1,11.1,5.9,4.2,1.9,1,1.4,6,6.4,28.5,-0.6
369,"Buycks, Dwight",DET,29,10,19,14.7,11.1,25.4,43.8,3.5,9.6,36.3,4.2,5.7,75,2.8,10.2,13,7.6,4.7,2.5,1.6,1.2,5,5.3,30,-0.1
371,"Belinelli, Marco",PHI,28,23,5,26.3,20.7,47.5,43.6,5.8,16,36.5,9.5,13.8,68.9,5.3,17.3,22.6,13,8.1,4.5,2.3,2.9,10.3,11.3,56.8,-5.8
371,"Clarkson, Jordan",CLE,28,18,10,22.6,19,41.7,45.6,5.1,14,36.2,7.8,9.9,78.7,5,15.9,20.9,11.3,6.3,3,1.9,2,9.5,9.3,50.9,0.6
373,"Isaac, Jonathan",ORL,27,11,16,19.8,15.9,36.4,43.5,4.3,12.2,34.8,6.3,8.4,74.4,4.7,15.1,19.8,8.9,6.3,3.8,1.7,2.5,7.8,7.8,42.2,3.7
373,"Ennis III, James",DET,27,11,16,20.4,17.6,37.2,47.2,4.9,13.8,35.5,6.2,7.9,78,4,13.9,17.9,11.7,5.5,3.1,1.5,2,8.4,7.7,46.2,2.8
373,"Harris, Devin",DEN,27,17,10,19.7,17.3,36.6,47.3,4.5,11.8,38.1,7.3,9.9,73.9,4.8,13.6,18.3,10.1,5,3.2,1.9,2.5,9.8,9.4,46.4,0.4
373,"Liggins, DeAndre",NOP,27,18,9,9,8.1,16.7,48.2,2.3,5.7,40,3.6,4.4,83.1,1.7,7.3,9,4.8,2.7,1.2,1,1.1,2.7,3.7,22.1,3.7
373,"Wright, Brandan",MEM,27,10,17,13.5,9.3,22,42.4,2,7.2,28.4,6,7.9,75.2,3,8.9,12,5.1,4.8,2.1,1.4,1.9,6,7.4,26.7,-1.2
373,"Crowder, Jae",UTA,27,21,6,27.6,20.2,48.9,41.3,4.8,14.2,33.9,10.1,12.9,78.4,5.4,18.9,24.2,10.2,8.6,4.1,2.8,3.4,13.4,12.7,55.3,-5.3
373,"Swanigan, Caleb",POR,27,16,11,7,5.3,11.9,44.7,1.4,4.2,32.5,2.3,3.4,69.2,1.3,4.6,5.9,2.6,2.1,1.1,0.7,0.4,3.1,3.3,14.3,0.4
380,"Hernangomez, Willy",NYK,26,9,17,8.9,6.6,14.9,44.3,2,5.2,38.1,3.6,4.5,79.7,1.5,5.9,7.5,4.2,2.7,1.9,0.9,0.9,3.4,3.7,18.8,0.8
380,"Okafor, Jahlil",BKN,26,6,20,12.6,10.8,22.2,48.8,2.4,6.3,38.7,5,6.1,81.6,2.3,9.6,12,5.2,2.5,2.3,1.2,1.1,4.5,5.3,29,5.5
380,"Monroe, Greg",BOS,26,15,11,19.1,16.1,33.4,48.1,3.9,10.7,36.7,6.2,8.3,74.2,3.8,13.2,17,9.4,5.8,4.1,1.9,1.6,7.9,7.4,42.3,2.3
380,"McDermott, Doug",DAL,26,7,19,22.9,18.9,42,45.1,5,14.6,34.5,7.6,9.8,77,4.7,17.5,22.2,11.2,5.8,3,2,2,8.9,9.1,50.5,-1.7
380,"Bembry, DeAndre'",ATL,26,8,18,17.5,14.9,31.6,47.1,4.3,11.7,37.2,5.2,7,73.8,3.7,12.2,15.9,9.4,6.4,3,1.7,1.5,7.5,6.7,39.3,2.9
380,"Okafor, Emeka",NOP,26,16,10,13.6,12.1,27.7,43.7,2.9,7.7,37.8,3.5,4.7,75.4,3.5,10.5,14.1,6.9,4.3,2.1,1.7,2.5,4.2,4.3,30.6,0
386,"Mirotic, Nikola",CHI,25,14,11,24.9,21,46,45.7,5.9,17.6,33.5,8,10.1,79,4.9,18.1,23,12.9,7,3.4,2.7,1.9,11.4,10.8,55.8,-2.6
386,"Richardson, Malachi",SAC,25,7,18,12.7,10.3,21.2,48.7,3.4,8.4,41,4,5.6,71.2,2.7,9.9,12.6,6.6,4.7,2.1,1.2,1,5.2,5.2,28,1.8
386,"Griffin, Blake",DET,25,11,14,33.2,26.4,60.3,43.8,7.5,23.3,32.2,10.5,13.6,77.6,6.6,24.4,31,17.4,9.2,5.2,3.1,3,13.6,12.7,70.8,-1.5
386,"Poythress, Alex",IND,25,10,15,4.2,3.5,7,50,0.7,2.3,31.6,1.9,2.5,76.2,1,3,4,1.9,1.1,0.5,0.4,0.4,1.7,2,9.7,0.8
386,"Payne, Cameron",CHI,25,7,18,23.3,19.8,41.8,47.5,6.6,18.4,36.2,7.5,9.2,81.7,4.2,17.6,21.8,12.8,7.2,3.6,3.7,1.3,7,8.7,53.8,3.6
386,"Hernangomez, Juancho",DEN,25,15,10,11.1,9.4,19.2,49.1,2.8,6.6,42.7,3.4,4.5,75.2,2.2,7.3,9.5,5.4,3.5,1.8,0.8,1,4.5,4,25.1,1
392,"Zeller, Tyler",MIL,24,12,12,16.9,14.4,30.8,46.6,4.1,10.4,39.8,5.6,7.3,77,3.5,11.3,14.8,9.3,5.3,2.5,2.3,1.5,6.8,6.6,38.5,-0.9
392,"LaVine, Zach",CHI,24,9,15,27.3,24.4,48.5,50.3,6.7,16.9,39.8,10.2,13.1,77.8,4.4,21.3,25.7,15.8,7.3,3.8,2.9,1.9,9.5,11.3,65.7,7.2
392,"Hill, George",CLE,24,15,9,27.9,23.8,50.7,47,6.7,17.9,37.2,8.6,11,78.3,5.1,18.9,24,14.6,7.4,3.9,2.5,2.5,11.5,10.5,62.9,-5.2
392,"Arcidiacono, Ryan",CHI,24,6,18,12.7,10.3,22.5,45.6,3.4,9.6,35.1,3.4,4.5,76.6,2.3,10.3,12.6,6.9,4.1,1.9,1.1,0.7,5.5,5.1,27.3,1
392,"Ross, Terrence",ORL,24,10,14,25,21.8,46.4,46.9,4.9,13.1,37.3,9,11.5,77.9,5.7,19.3,25,13.7,8.4,4.3,2.4,2.9,9.2,10.3,57.3,2
392,"Holland, John",CLE,24,17,7,7.3,6.5,13.5,48.3,1.8,5,36.7,2.3,2.9,79.7,1.6,5,6.6,3.8,2.1,1.3,0.3,0.7,2.5,2.6,17.1,1.2
392,"Nance Jr., Larry",CLE,24,15,9,20.8,16.7,37.4,44.5,4.2,12.1,34.8,7,9,77.4,4.6,15.3,19.9,9.8,6.7,3,2,2,8.2,8.3,44.5,-2.5
399,"Stone, Julyan",CHA,23,10,13,7.6,6,13.4,45,1.4,4,34.4,2.4,3.4,70.9,1.3,6,7.3,3.5,2.1,1,0.6,0.4,2.7,2.6,15.9,-1.7
399,"Robinson III, Glenn",IND,23,14,9,14.7,11.5,25.3,45.6,3.1,9,34.5,5.2,6.7,78.4,2.9,10.2,13.1,7.1,4.6,1.7,1.7,0.7,5.6,6.3,31.3,0
399,"House, Danuel",PHX,23,6,17,17.5,14.1,32.3,43.7,4.2,11.7,35.7,5.8,7.9,73.6,3.6,12.3,15.9,8.5,4.3,3.2,2.3,1.1,6.7,6.5,38.2,-0.8
399,"Mickey, Jordan",MIA,23,15,8,12.4,9.8,21.1,46.3,2.9,6.7,43.5,4,5.1,77.1,2.7,8,10.7,5.9,3.5,2,0.8,1.3,4.5,4.8,26.4,1.3
399,"Ilyasova, Ersan",PHI,23,20,3,24.1,18.4,43.9,42,5.2,15.2,34.4,10,14.5,69.1,4.8,17.5,22.3,11,7.2,3.5,2.4,3,9.9,11.1,52.1,-4.2
399,"Johnson, Joe",HOU,23,19,4,21.9,17.7,39.1,45.2,4.4,13.6,32.6,6.9,9.6,72.3,4.3,16.9,21.2,10.3,6.1,2.9,1.6,1.9,9,9.5,46.7,-0.8
399,"Pondexter, Quincy",CHI,23,6,17,8.5,6.6,14,46.9,2.2,6,36,4,5.2,77.5,1.2,7.3,8.5,4.1,2.2,1.7,1,0.5,3,4,19.3,3.9
399,"Harrison, Shaquille",PHX,23,3,20,16.7,13.7,30,45.8,4,10.7,37.4,5.7,7.8,73.2,3.3,11.2,14.5,7.9,5.5,3,2.4,1.5,7.2,6.9,37.2,-2
399,"Bogut, Andrew",LAL,23,7,16,9.4,7.4,17,43.5,1.9,6.3,29.9,3.4,4.6,75.2,1.8,7,8.8,4.1,2.9,1.8,1.4,1,3.4,4.4,20.1,1.3
399,"Kilpatrick, Sean",MIL,23,12,11,8.9,7.6,15.7,48.5,1.9,4.7,39.4,3.3,4.2,79.2,1.7,6.4,8,4.3,2.3,1.2,0.8,0.7,3.4,3.6,20.4,1.6
409,"Wilson, D.J.",MIL,22,12,10,3.2,2.6,4.8,54.3,0.6,1.5,43.8,1.7,2,88.4,0.5,2.4,2.8,1.5,1.2,0.7,0.3,0.2,1,1.2,7.5,1.9
409,"Vaughn, Rashad",MIL,22,12,10,7.9,6.1,13.2,46.6,1.4,4.1,33.3,3.5,4.7,73.8,1.8,4.7,6.5,3.8,2.2,1,0.5,0.9,3.1,4,17.1,0.5
409,"Mudiay, Emmanuel",NYK,22,5,17,22.4,19.5,40.2,48.6,5.9,14,42.1,8.9,11.7,76.3,5,17.4,22.4,12.6,6,3.8,2,1.8,7.4,9.3,53.9,6.2
409,"Cunningham, Dante",BKN,22,6,16,20.3,18.6,37.6,49.6,3.9,10,38.6,7.2,9.9,73.3,3.5,15.9,19.4,9.7,5.4,3,2.4,1.9,7.3,9,48.4,2.2
409,"Allen, Tony",NOP,22,12,10,12.4,10.4,23.3,44.5,2.8,8.5,32.4,4.7,6.3,74.1,2.9,8.3,11.2,6,4,2.2,1.3,1,5.3,6.3,28.2,0.9
409,"Hernangomez, Willy",CHA,22,11,11,11.9,10.6,21.9,48.6,2.8,7.8,35.7,2.6,3.8,67.9,2.1,9.4,11.5,6.2,3.6,1.5,1.2,0.8,5.2,3.8,26.6,-0.9
409,"Sampson, JaKarr",SAC,22,6,16,15.6,10.9,26.4,41.4,3.1,10.6,29.6,6,7.7,78.2,3.3,11.4,14.7,6.7,4.6,2.1,1.7,2,5.2,7.1,31,0
416,"Aldrich, Cole",MIN,21,14,7,2.3,1.6,3.3,49.3,0.6,1.6,39.4,1.5,2,78,0.4,1.6,2,0.7,1,0.2,0.2,0.2,0.8,1.2,5.4,0.1
416,"Reed, Davon",PHX,21,2,19,11.5,9.6,20.7,46.4,2.6,6.2,42,4.2,5.6,76.1,2.3,10.2,12.6,5.2,3.6,2,1.7,1,5,4.9,26.1,3.6
416,"Hood, Rodney",CLE,21,13,8,25.3,21.9,46.5,47,6.2,16.5,37.9,9.2,11.7,78.5,5.2,17.7,22.9,13.6,6.7,3.3,1.7,1.8,10.4,10.5,59.1,-0.7
416,"Vonleh, Noah",CHI,21,7,14,19,15.6,34.7,44.9,5,15.1,32.8,6.2,7.6,81.9,4.2,14.8,19,10.2,5.8,2.6,2.7,1.3,7.7,7,42.3,1.1
416,"Gallinari, Danilo",LAC,21,11,10,32,25.9,58.1,44.6,7.5,20.6,36.6,8.5,10.7,79.1,6.6,22.7,29.3,17.1,8.8,5.4,3.9,3,14.2,11,67.8,-0.5
416,"Finney-Smith, Dorian",DAL,21,4,17,21.3,16.7,36.5,45.8,4.3,12,36.3,6.9,9.6,71.8,3.7,17.1,20.8,10.1,6.2,3.3,2,1.5,7.4,8.7,44.7,1.2
416,"Wade, Dwyane",MIA,21,11,10,22.3,17.2,38.4,44.9,5,14.2,34.9,9.1,11.6,78.6,4.6,16.4,21,9.6,7.1,4.2,1.7,2.4,9.8,9.1,48.5,2
423,"Henry, Myke",MEM,20,3,17,18.9,15.5,31.4,49.4,4.1,11.8,34.3,7.8,10.4,74.5,3.8,13.3,17.1,9.4,6.6,3.6,1.9,1.6,7.7,8.2,42.8,1.5
423,"Peters, Alec",PHX,20,2,18,11.2,8.9,20.1,44.3,2.8,7.4,37.2,3.9,5.3,73.6,2.2,8.9,11.1,4.9,2.7,1.7,1.4,1.2,4.6,4.1,24.5,-1.8
423,"Monroe, Greg",PHX,20,3,17,23.2,21.5,41.1,52.2,4.3,11.6,36.6,9.6,12.2,78.7,4.6,15.9,20.5,11.8,7.1,4.8,2.6,1.4,9.7,10.6,56.8,7.4
423,"Marjanovic, Boban",LAC,20,10,10,8.3,6.8,15,45.3,1.8,5.1,35.6,3.3,4.3,76.7,1.8,4.5,6.3,3.6,2.6,1.9,1.1,0.7,5.1,4,18.7,-2.8
423,"Jefferson, Richard",DEN,20,10,10,8.2,7.2,14.3,50.3,2.1,4.8,42.7,2.3,3.1,72.6,1.4,6,7.4,4.3,2.5,1.5,0.7,0.9,3.1,3.2,18.7,2.1
423,"Brown, Bobby",HOU,20,17,3,5.7,5.1,10.4,49.3,1.8,3.8,47.4,2.2,2.9,75.4,0.9,4.4,5.3,3.1,1.5,1.2,0.6,0.5,1.5,2.6,14.2,3
423,"Kornet, Luke",NYK,20,6,14,16.3,14,29.8,46.9,4.3,10.5,40.5,6.1,7.6,80.1,3.6,12.9,16.5,8.6,4.4,2.8,1.4,1.6,4.2,6.8,38.2,3.6
430,"Payton, Elfrid",PHX,19,1,18,29,27.7,56.3,49.3,7.1,18.2,39.1,11.3,14.6,77,6.8,23.3,30.1,16.4,7.7,4.6,4.6,3.4,11.3,14,73.8,13.5
430,"Canaan, Isaiah",PHX,19,8,11,22,18.1,38.5,46.9,4.2,12.3,34.2,7.6,9.6,78.7,4.5,14.6,19.2,10,6,3.4,2.8,1.3,10.2,9.3,47.9,-1.1
430,"Wilkins, Damien",IND,19,10,9,8,6.3,14,45.1,1.1,4.3,24.7,3.1,3.7,84.3,2,5.3,7.3,3.3,2.2,1.3,0.6,0.5,3.2,3.3,16.8,-1.4
430,"Blakeney, Antonio",CHI,19,3,16,16.5,13.5,29.7,45.5,4.4,12.4,35.2,5.9,7.5,78.3,3.3,12.8,16.1,8.7,4.3,1.9,1.8,0.8,6.3,6.9,37.3,0.3
430,"Marjanovic, Boban",DET,19,8,11,9,7.1,15.9,44.6,2.2,6.2,35,2.9,3.5,83.6,1.2,5.8,6.9,4.7,2.1,1.5,0.8,0.6,4,3.4,19.3,0
430,"McCullough, Chris",WAS,19,11,8,4.7,3.8,8.3,46.5,1.3,3.3,39.7,2.5,3.8,64.4,0.9,3.2,4.2,2.2,1.3,1.1,0.5,0.4,2.1,2.4,11.5,0.8
430,"Arthur, Darrell",DEN,19,12,7,7.4,6.8,13.5,50.6,1.6,4.3,38.3,2.4,3.7,65.7,1.8,5.6,7.4,4.4,2.4,1,1.1,0.7,3,2.7,17.7,1.7
437,"Hicks, Isaiah",NYK,18,4,14,13.3,11.2,24.8,45.1,3,8.4,35.8,5.3,7.2,73.8,3.1,9.7,12.7,6.8,3.6,2.1,1.3,1.3,3.9,6.1,30.7,2.5
437,"Booker, Trevor",BKN,18,7,11,21.9,18.2,39.8,45.8,4.9,13.4,36.8,10.1,12.1,83,5.1,15,20.1,9.8,7.1,2.7,2.4,1.7,9.3,10.2,51.4,-2.1
437,"Brewer, Corey",OKC,18,11,7,28.6,24.8,51.3,48.4,7.2,18.7,38.7,10.1,12.4,80.8,5.5,20.4,25.9,14.6,9.9,4.8,2.5,2.3,14.2,11.9,66.9,-1.8
437,"McGruder, Rodney",MIA,18,11,7,16.6,13.2,28.1,47.1,4.2,9.3,44.9,5.1,6.6,77.3,2.8,11.5,14.3,7.9,5.6,2.1,1.6,2.2,5.7,6,35.7,-1.8
437,"Allen, Kadeem",BOS,18,9,9,6,4.4,9.8,45.2,1.2,4,30.6,2.5,3.3,75,0.8,4.1,4.8,3.1,1.8,0.9,0.6,0.4,2.3,2.9,12.6,1.1
437,"Magette, Josh",ATL,18,3,15,12,10.2,21.7,47.1,2.6,7.6,34.3,2.7,3.2,82.8,2.1,8.9,10.9,5.8,3.3,1.8,1.1,0.5,4.9,3.6,25.7,-0.1
437,Zhou Qi,HOU,18,14,4,6.9,5.7,12.7,44.7,1.8,4.7,38.1,2.6,3.8,69.1,1.4,5.7,7.1,3.6,1.8,1.4,0.8,1,2.3,3.2,15.7,3.7
444,"Booker, Trevor",IND,17,10,7,15.8,12.1,26.2,46,3.2,10.5,30.3,5.9,7.3,80.6,2.2,11.5,13.6,7.8,5.1,2,1.4,1.1,5.8,7.3,33.2,0.8
444,"Williams, Troy",NYK,17,4,13,17.1,14.4,30.2,47.5,2.9,8.9,32.9,8.5,10.1,84.8,3.9,11.2,15.1,8.7,4.8,3.1,1.2,1.7,6.1,8.2,40.2,0.6
444,"White, Derrick",SAS,17,7,10,8.2,5.9,14.7,40.4,1.4,5.4,25.3,2.4,3.6,66.1,2.1,5.8,7.8,3.1,3.4,1.4,0.7,1.1,3.6,2.9,15.6,-1.8
444,"Wear, Travis",LAL,17,7,10,13.4,10.7,23.8,45,2.5,8.2,30.7,4.8,6,79.4,2.2,9.9,12.1,5.9,3.6,1.9,1.1,1.3,5.6,6.1,28.7,-0.6
444,"Thomas, Isaiah",LAL,17,8,9,26.8,23.6,51.1,46.2,5.6,16.3,34.7,10.9,13.8,79.1,6.1,18.6,24.6,14.3,7.1,4.8,3.4,2.3,12.7,11.9,63.8,-0.9
449,"Kilpatrick, Sean",BKN,16,6,10,11.4,10,21.3,46.9,3.1,8.3,36.8,2.9,4.3,66.7,2.3,9.4,11.7,5.5,3.3,2.1,1.6,0.7,5.3,4.2,25.9,2.3
449,"Rose, Derrick",CLE,16,9,7,19.2,18.7,37.2,50.3,4.4,11.7,38,5.5,7.1,77.2,4.4,13.7,18.1,11.2,6,3.4,1.9,1.7,8.3,7.3,47.3,2.8
449,"Purvis, Rodney",ORL,16,5,11,18.1,14.4,32.5,44.4,4.4,11.4,39,6.6,8.2,80.2,3.8,14.8,18.6,9.1,5.2,2.1,1.4,2,7.1,6.9,39.9,3.6
449,"Whitehead, Isaiah",BKN,16,2,14,11.2,9,20.4,44,2.1,7.3,28.2,3.7,5.1,72.8,2.4,8.3,10.7,4.6,2.8,2.5,1.4,0.9,4.6,4.6,23.8,0.6
449,"Papagiannis, Georgios",SAC,16,3,13,7.4,7,13.1,53.6,2.1,4.4,46.5,2,2.6,76.2,1.6,5.1,6.7,4.5,2,0.9,0.8,0.6,2.6,2.3,18.1,1.3
449,"Walton Jr., Derrick",MIA,16,8,8,9.2,7.2,15.9,45.1,2.6,6.2,41.4,2.9,3.8,76.7,1.8,6.5,8.3,4.1,2.4,1.3,0.9,0.6,3.6,3.1,19.8,1.9
455,"Thomas, Isaiah",CLE,15,7,8,27.1,26.7,51.9,51.5,7.4,18.8,39.4,8.1,11.3,71.2,5.5,21.9,27.4,16.4,6.7,4.5,2.9,1.8,12.1,11.2,68.9,8.8
455,"Miller, Malcolm",TOR,15,15,0,8.4,7.1,14.8,47.7,1.4,4.6,30.4,2.1,3.1,69.6,1.3,5.1,6.4,4.3,2.5,1.6,0.7,0.9,2.8,3,17.7,-0.5
455,"Artis, Jamel",ORL,15,4,11,18.6,14.3,32.4,44,4.2,11.5,36.4,6.6,8.1,81.8,3.5,14.2,17.7,8.7,5,2.1,1.8,2,8.4,6.6,39.3,0.4
455,"Sessions, Ramon",WAS,15,7,8,15,14.1,26.5,53,3.7,8.5,43,4.6,6.2,74.2,2.2,10.4,12.6,8.7,4.3,1.9,2.7,0.6,6.1,6,36.4,3.9
455,"Lee, Damion",ATL,15,4,11,27,22.3,50.2,44.5,6.3,18.5,34.3,8.5,10.5,81,5.3,21.3,26.7,14.1,7.2,4.3,3.8,2,10.5,10.5,59.5,1.5
455,"Jones, Damian",GSW,15,7,8,5.9,4.6,10.8,42.6,1,3.7,26.8,1.8,2.3,77.1,1.7,4.3,6.1,2.9,1.9,0.6,0.5,0.5,2.7,2.3,12,0
455,"Collison, Nick",OKC,15,9,6,5,3.7,8.2,44.7,1.3,3.3,40.8,1.8,2.3,77.1,0.9,3.5,4.3,2.2,1.9,0.5,0.5,0.3,1.8,1.9,10.5,0.3
455,"Bryant, Thomas",LAL,15,7,8,4.8,4.5,8.5,52.3,1,2.4,41.7,0.9,2,43.3,0.9,3.6,4.5,2.9,1.6,0.7,0.3,0.5,2.1,2,10.8,0.6
455,"Wilson, Jamil",LAC,15,6,9,18.3,14,32.5,43.1,3.9,11,35.8,7.1,9.2,77.5,3.5,13.5,17,8.2,4.5,2.8,1.8,2.2,6.7,8.1,39.1,0.1
455,"White III, Andrew",ATL,15,1,14,13.9,12.2,26.5,46.1,4.1,9.5,43.4,4.3,5.5,79.3,2.9,11.7,14.6,8.3,3.7,2.9,1.7,0.7,5.7,5.5,32.9,5.1
465,"Shumpert, Iman",CLE,14,9,5,19.7,16,36.8,43.5,4.5,13.7,32.8,6.4,8.2,78.3,5,13.3,18.3,8.9,6.2,3.5,1.6,1.7,9.2,7.9,42.9,-2
465,"Felder, Kay",CHI,14,4,10,9.6,8.3,17.1,48.5,2.6,6.9,37.1,2.6,3.5,73.5,1.5,7.6,9.1,5.5,2.8,1.9,1.1,0.5,3.5,3.6,21.7,3.4
465,"McKinnie, Alfonzo",TOR,14,13,1,3.8,3.2,7.2,44.6,0.8,2.1,36.7,2,2.9,70,1.3,2.6,3.9,1.6,1.1,0.5,0.1,0.4,1,1.9,9.2,0.9
465,"Perrantes, London",CLE,14,8,6,4.7,4.4,7.6,57.5,1.1,2.5,42.9,1.7,2.1,82.8,0.6,2.6,3.1,2.8,1.4,0.9,0.3,0.1,1.9,1.7,11.5,1.4
465,"Exum, Dante",UTA,14,10,4,16.8,12.5,30.1,41.5,3.3,7.7,42.6,6.9,8.9,78.2,3.7,10.8,14.5,6.4,5.3,2.6,1.4,2.6,6.5,7.9,35.2,-2.3
465,"Korkmaz, Furkan",PHI,14,11,3,5.7,5.4,10.1,53.5,1.4,2.9,47.5,2.5,3.8,66,1,5.1,6.1,3.5,1.4,0.9,0.3,0.7,2.4,2.4,14.7,3.1
465,"Hilliard, Darrun",SAS,14,8,6,6.8,5.7,11.6,49.1,1.4,4,33.9,2.1,3,71.4,1.3,4.2,5.5,3.3,1.7,0.9,0.6,0.4,2.6,2.4,14.9,-0.9
465,"Jones Jr., Derrick",MIA,14,9,5,15.2,11.8,27.2,43.3,2.3,7.7,29.6,5.4,7.3,74.5,2.7,10.9,13.6,5.6,2.9,2.4,1.9,2.1,5.5,6.9,31.3,2.4
465,"Brown, Lorenzo",TOR,14,9,5,9.9,6.3,16.4,38.4,1.5,5.1,29.2,3.4,4.1,82.8,1.6,5.9,7.6,4,3.1,1.6,0.8,1.2,2.8,4.1,17.5,-3.3
465,"Asik, Omer",NOP,14,7,7,8.6,7.4,15.9,46.8,2.1,5.4,40,2.6,3.4,78.7,1.4,6.1,7.6,4.1,2.2,1.5,0.6,0.7,3,3.4,19.6,0.2
465,"Fultz, Markelle",PHI,14,11,3,18.1,13.9,33.9,41.1,3.7,13.1,28.4,7.5,10.8,69.5,4.1,13.9,17.9,7.6,5.8,2,2.6,2,7.2,8.3,39.1,-1.4
465,"Jennings, Brandon",MIL,14,8,6,14.7,12.9,26.3,48.9,3,7.9,38.2,5.9,6.9,85.4,2.9,11.3,14.1,8.6,4.4,2,1.4,1.4,6.2,6,34.6,4.6
465,"Haslem, Udonis",MIA,14,9,5,5.1,3.5,8.7,40.2,1.1,3,35.7,1.3,1.7,75,0.9,3.9,4.9,2,1.4,0.5,0.5,0.4,1.9,1.2,9.4,0.3
478,"Cooke, Charles",NOP,13,8,5,2.9,2.2,4.9,43.8,0.6,1.5,42.1,1.2,1.8,65.2,0.8,2.3,3.1,1.3,0.8,0.2,0.2,0.1,0.6,1.2,6.1,0.7
478,"Babbitt, Luke",MIA,13,7,6,11.1,9.5,21.1,44.9,2.2,5.9,37.7,2.8,4.3,64.3,2.9,8.3,11.2,5.5,3,1.2,0.8,1.5,3.4,3.9,23.9,0.9
478,"Weber, Briante",HOU,13,7,6,9.1,8.5,15.5,54.7,2.5,5.1,48.5,4.1,5.3,76.8,1.6,7.2,8.8,4.8,3,1.2,1.6,0.8,3.4,4.2,23.5,4.7
478,"Sessions, Ramon",NYK,13,3,10,12.9,9.2,22,42,2.5,8.7,29.2,5.6,6.6,84.9,3.1,8.5,11.6,6.2,4.4,2.8,1.2,1.1,6.3,6,26.6,1.9
478,"Cleveland, Antonius",DAL,13,5,8,6.2,4.8,10.7,45.3,1.3,3.3,39.5,2.2,3.2,66.7,1.2,4.7,5.8,3.1,2.3,1.2,0.5,0.7,2.9,2.9,13.2,2.2
478,"Bird, Jabari",BOS,13,8,5,8.8,7.3,16.1,45.5,2.2,6.2,35.8,1.9,2.7,71.4,1.8,5.5,7.4,3.8,2.9,2,0.5,0.6,4.4,2.9,18.8,-1.4
484,"Singler, Kyle",OKC,12,5,7,4.9,3.3,8.2,40.8,1.3,3.6,34.9,1.6,2.3,67.9,0.8,3.6,4.4,2.2,1.3,0.4,0.7,0.1,1.9,1.8,9.5,0.1
484,"Conley, Mike",MEM,12,7,5,31.1,23.3,54.3,43,6.7,19.4,34.3,11.8,14.7,80.1,7,22,29,12.4,9.4,4.1,3.2,3.5,14.5,13.8,65.1,1.4
484,"Jackson, Demetrius",HOU,12,9,3,5.2,3.8,9,42.6,1.4,3.6,39.5,1.3,1.6,78.9,0.4,4.2,4.6,2.8,1.3,1,0.4,0.5,1.7,2.1,10.3,2.1
484,"Hill, Solomon",NOP,12,8,4,15.6,14.2,31.1,45.6,3.9,10.7,36.7,5.3,7.3,73.6,3.2,11.3,14.4,7.3,4.3,2.8,0.8,1.7,5.9,6.7,37.6,2.2
484,"Payton II, Gary",MIL,12,6,6,8.8,7.2,15,47.8,2.1,4.9,42.4,2.3,3,75,1.7,5.2,6.8,4.3,3.3,1.3,0.5,1.3,3.8,3.8,18.7,-1
484,"Jones, Jalen",DAL,12,2,10,13.5,11.7,23,50.7,3.2,8.5,37.3,5.1,6.9,73.5,1.8,9.4,11.3,7.4,2.8,1.8,2.2,1.3,5.2,6.6,31.6,2.2
490,"Beverley, Patrick",LAC,11,5,6,30.3,23.7,52,45.6,7.3,18.1,40.2,9.5,12.2,77.6,6.5,20.1,26.5,14,10,4.9,3,2.4,14.7,12.3,64.2,-2.4
490,"Payton II, Gary",LAL,11,4,7,10.5,9.1,19,47.8,2.4,6.2,38.2,3.5,5.2,68.4,2.7,7.9,10.6,5.6,3.6,1.2,1.4,1.3,3.9,4.5,24.1,0
490,"Anigbogu, Ike",IND,11,5,6,2.7,3.2,5.6,56.5,0.4,1,36.4,0.7,1.3,57.1,1.2,1.8,3,1,0.5,0.6,0.5,0.4,1.4,0.9,7.5,1.3
490,"Muhammad, Shabazz",MIL,11,6,5,10.6,8.3,20.2,41,1.8,6,30.3,3.7,4.5,82,3.1,7.3,10.4,5.4,3.4,1.4,0.7,1.1,4.2,4.3,22.1,-1.7
490,"Motley, Johnathan",DAL,11,1,10,16,12.6,27.4,46.2,2.8,9.6,29.2,5.1,7.5,68.3,3.1,11.8,14.9,7.2,3.9,2.1,1.9,0.9,6.1,6.6,33.2,1.5
495,"Doyle, Milton",BKN,10,2,8,12.5,10.9,22.6,48.2,2.5,6.9,36.2,2.6,3.3,78.8,1.8,10.1,11.9,5.4,4,1.8,1.9,1.1,4.2,3.9,26.9,1.2
495,"Caboclo, Bruno",SAC,10,2,8,10,7,15.7,44.6,2,5.5,36.4,3.6,4.8,75,1.1,7.3,8.4,4.6,3.2,1.8,0.9,1.1,3.6,4.4,19.6,-0.1
495,"Webb III, James",BKN,10,1,9,12,9.7,20.7,46.9,2.4,6.3,38.1,5.7,6.6,86.4,2.6,9.8,12.4,4.5,2.7,1.7,1.4,0.8,3.8,4.6,27.5,2.6
495,"Teletovic, Mirza",MIL,10,4,6,15.9,12.7,27.7,45.8,3.4,8.8,38.6,6.6,8.4,78.6,3,10.5,13.5,7,4.1,2.9,1,1.5,6,7.3,35.4,3.3
499,"Bradley, Tony",UTA,9,6,3,3.2,2.4,5.3,45.8,1.2,2.7,45.8,0.6,0.9,62.5,0.4,3,3.4,1.6,1.6,0.1,0.2,0.1,1.3,0.7,6.7,-0.1
499,"Leonard, Kawhi",SAS,9,5,4,23.3,18,42,42.9,4.6,14.2,32,5.2,7,74.6,4.7,17.9,22.6,10.8,7.7,4.3,1.1,2.4,8.3,6.9,45.8,-1.9
499,"Harrison, Aaron",DAL,9,2,7,25.9,22.1,44.4,49.8,5.2,15.3,34.1,10.8,14.7,73.5,4.1,21.3,25.4,14,7,3.3,2.7,2.4,10.2,11.9,60.2,8
499,"Rose, Derrick",MIN,9,6,3,12.4,11.2,22.7,49.5,2.1,5.8,36.5,4.4,6,74.1,3.2,8.1,11.3,6.7,4,1.9,1.2,0.9,5.3,5.6,29,1
499,"Johnson, Brice",LAC,9,2,7,4.3,2.6,7.8,32.9,0.8,3.8,20.6,1.6,2,77.8,1.3,2.6,3.9,1.4,1.9,0.8,0.9,0.7,1.4,1.4,7.4,-3.7
499,"Johnson, Brice",MEM,9,0,9,6.7,6,10.6,56.8,1.6,3.9,40,3.6,4.2,84.2,0.9,5,5.9,3.8,2.4,1.8,0.8,0.4,1.8,2.8,17.1,4.6
499,"Withey, Jeff",DAL,9,2,7,4.4,2.9,7,41.3,0.9,2.9,30.8,0.9,1.9,47.1,0.6,3.2,3.8,1.6,1.9,0.9,0.7,0.7,2.4,1.6,7.6,-2.3
499,"Niang, Georges",UTA,9,9,0,3.5,2.6,5.9,43.4,0.7,1.9,35.3,2.1,2.3,90.5,0.2,2.4,2.7,1.4,1.2,1.3,0.1,0.2,1,1.6,7.9,1.4
499,"Kilpatrick, Sean",CHI,9,3,6,23.7,20.6,41.7,49.3,6.7,18.1,36.8,6.4,8.1,79.5,3.6,18.7,22.2,13.3,7.8,3.9,2.6,1.7,9.9,9.3,54.2,4.6
499,"Frye, Channing",LAL,9,1,8,16.7,12.9,30.9,41.7,3.7,11.4,32,5.8,7.9,73.2,3.4,10.7,14.1,8.1,3.8,3.3,1.2,1.4,7.3,7.3,35.2,-3.4
509,"Leuer, Jon",DET,8,5,3,17.1,12.5,29.3,42.7,2.5,9.4,26.7,7.4,8.8,84.3,3,13.5,16.5,7.9,5.9,2,1.5,0.9,6.9,7.6,34.9,-1.5
509,"Plumlee, Marshall",MIL,8,5,3,6.5,5.1,11.5,44.6,0.5,2.3,22.2,2.1,2.6,81,1,4.6,5.6,2.8,2.6,1.4,0.6,0.5,3.4,2.9,12.9,0.1
511,"Clavell, Gian",DAL,7,0,7,9.1,6.3,14.4,43.6,1.9,6.1,30.2,2.9,3.6,80,1.3,7.4,8.7,3.4,4.1,2,0.7,0.4,4.6,3.7,17.3,-2.7
511,"Drew II, Larry",NOP,7,4,3,7.9,7.3,14.6,50,2.1,5.1,41.7,1.7,2.3,75,1.4,5.3,6.7,4.6,2.1,1.4,0.4,0.1,2,2.7,18.4,1.1
511,"Cooley, Jack",SAC,7,4,3,12.5,9.3,20.7,44.8,1.6,7.6,20.8,4,5.3,75.7,2,8.3,10.3,4.9,3.4,1.3,1.6,1.3,6.4,5.4,24.1,0.6
511,"Brooks, MarShon",MEM,7,2,5,27.5,24.1,46.7,51.7,7.9,19.1,41,8,12,66.7,6.1,17.3,23.4,16,9.6,4,3,2,10.7,9.7,64.1,-1.4
511,"Baldwin IV, Wade",POR,7,4,3,11.5,8.9,19,46.6,3.1,7.7,40.7,3.1,5.1,61.1,1.3,7.1,8.4,4.3,3.6,2,1.4,0.9,4,4.7,24,-0.7
511,"Noah, Joakim",NYK,7,1,6,5.7,4.4,10,44.3,0.7,3,23.8,1.1,1.4,80,0.4,5,5.4,3.3,1.9,0.7,0.1,0.4,3,2,10.7,0
511,"Nelson, Jameer",DET,7,2,5,16.5,13.7,29.7,46.2,5.1,12.9,40,5.1,6.6,78.3,4,14,18,9.9,6.3,3,1.3,1.3,7.6,7.3,37.7,8.1
518,"Stauskas, Nik",PHI,6,3,3,7.5,5.5,14.3,38.4,1.3,5.7,23.5,2.7,3.2,84.2,2.5,6.7,9.2,2.7,2.5,1.3,1.5,0.5,2.7,2.7,15,2.7
518,"Jones Jr., Derrick",PHX,6,0,6,5.5,4.7,9.5,49.1,0.8,2.2,38.5,2.5,3.2,78.9,0.5,3.3,3.8,2.7,1.8,1.5,0.3,1,2.8,2.7,12.7,0.3
518,"Young, James",PHI,6,4,2,10.2,7.2,18.3,39.1,2.8,7.8,36.2,5.5,5.8,94.3,2.5,6.8,9.3,5,2.2,2,1,0.8,2.8,4,22.7,4.3
518,"White, Okaro",MIA,6,2,4,13.3,10.7,24,44.4,2,6.8,29.3,4.7,5.3,87.5,2.5,9.3,11.8,5.7,3.3,3,1.2,1,6.2,6.2,28,0.2
518,"Hamilton, Daniel",OKC,6,5,1,4.6,3.8,8.8,43.4,0.5,3.2,15.8,1.3,1.5,88.9,1.3,3.3,4.7,2.5,1,0.2,0.7,0.2,1.3,1.5,9.5,2
518,"Munford, Xavier",MIL,6,2,4,3.5,3,5.5,54.5,0.8,1.8,45.5,1.5,1.8,81.8,0.5,1.8,2.3,1.8,0.8,0.7,0.7,0.2,1.3,1.2,8.3,2
518,"Morris, Jaylen",ATL,6,2,4,16.4,13.8,31.7,43.7,4.7,11.7,40,6.2,7.7,80.4,3.5,12.3,15.8,8,5,3.5,1.7,2,7.2,8,38.5,7
518,"Bradley, Avery",LAC,6,5,1,27.5,21.3,52.5,40.6,7.8,21.8,35.9,7.5,8.7,86.5,5.2,20,25.2,14.5,7,3.3,3.7,2.3,11.2,8.2,58,-0.5
518,"Bolomboy, Joel",MIL,6,3,3,6.3,4.7,9.8,47.5,1.2,3.3,35,2,2.3,85.7,0.7,4.5,5.2,2.2,2.5,0.8,0.8,0.8,2.3,2.3,12.5,2
527,"Paige, Marcus",CHA,5,4,1,5.6,4,8,50,0.8,2,40,3.4,5,68,0.4,4,4.4,2.8,1.2,0,0.6,0.4,2.8,3.2,12.2,-1.6
527,"Gray, Josh",PHX,5,0,5,17.3,15.6,30.2,51.7,5,10.4,48.1,8.6,10.2,84.3,2.2,17,19.2,8.6,5.4,3.2,2.8,1.8,7.4,7.4,44.8,13.8
527,"Rathan-Mayes, Xavier",MEM,5,0,5,23.6,19.4,37.2,52.2,5,12.6,39.7,12.6,16.2,77.8,4.6,19.2,23.8,12.8,10.2,5.6,2,2.2,8.8,12.4,56.4,11.8
527,"Weber, Briante",MEM,5,1,4,23.8,20.8,40.4,51.5,7.2,18,40,11.8,15.6,75.6,4.6,16.8,21.4,14.2,6.8,4,2.4,3,12.2,12,60.6,9.6
527,"Payne, Adreian",ORL,5,0,5,8.5,8.2,14.2,57.7,2.4,5,48,1.6,2,80,1.8,6,7.8,5.4,3.6,1.2,0.2,0.6,4.8,2.2,20.4,2.6
527,"Crawford, Jordan",NOP,5,3,2,10.7,11.6,21,55.2,2.8,7,40,4.8,7.6,63.2,2.6,7.2,9.8,6,2.2,2.2,1.6,1.2,4,5,30.8,3.8
527,"Hayes, Nigel",SAC,5,3,2,21.1,14.8,35.4,41.8,3,12.8,23.4,5.4,8.4,64.3,3.6,15.4,19,7.8,5.4,2.4,3,1.4,7.8,8.6,38,0.6
527,"Monroe, Greg",MIL,5,3,2,15.9,11.4,27.8,41,3.2,9.8,32.7,6.2,7.2,86.1,3.2,12,15.2,6.2,4.6,3,0.6,0.2,4.4,5.4,32.2,0.8
527,"Blue, Vander",LAL,5,1,4,9,6.6,15,44,1.6,4.8,33.3,1.8,2.4,75,0.6,4.2,4.8,3.4,3.4,2.6,0.6,0.8,4.2,3.2,16.6,-3
527,"Wolters, Nate",UTA,5,3,2,3.8,2.8,6,46.7,1.4,3.6,38.9,0.2,0.8,25,0.8,2.2,3,1.8,1.2,0.4,0.6,0.2,1.4,0.8,7.2,-0.6
527,"Lemon Jr., Walter",NOP,5,4,1,7,7.8,13.4,58.2,1.8,3.6,50,2.6,3.6,72.2,1.2,5.2,6.4,4.4,2.4,0.6,1.4,0.8,1.6,3.2,20,3
527,"Vaughn, Rashad",ORL,5,1,4,7,5.8,13,44.6,1.4,3.4,41.2,2.2,3.8,57.9,2.4,4.8,7.2,4,2,2.4,1.2,0.6,3.6,3.8,15.2,1.2
527,"Hunter, RJ",HOU,5,3,2,9,6.4,16.6,38.6,1.8,7.6,23.7,3,4.4,68.2,1.6,7.4,9,4.4,1.6,1.4,0.6,1.4,3,4,17.6,-0.2
527,"Wiley, Jacob",BKN,5,1,4,6.7,4.4,11.8,37.3,1.2,4.2,28.6,1,1.6,62.5,1,5.8,6.8,2.4,2,1.6,0.6,0.4,3.2,1.4,11,-2.6
527,"Williams, Alan",PHX,5,1,4,14.1,9.4,23,40.9,2.4,7.2,33.3,4.6,5.8,79.3,3.4,11.4,14.8,5.8,5.8,2.8,1.8,1.8,5.4,5.4,25.8,-0.2
542,"Mathiang, Mangok",CHA,4,3,1,5,2.8,7.5,36.7,0.5,2,25,4,4.8,84.2,0.5,3.3,3.8,1.8,1.3,0.5,0.5,0.3,2,2.8,10,-0.3
542,"Brown, Markel",HOU,4,4,0,7.9,6.8,15.5,43.5,2,5.3,38.1,3.5,4.8,73.7,3,6.3,9.3,3.8,1,0.8,0.5,1,2.5,3.5,19,4.3
542,"Brussino, Nicolas",ATL,4,0,4,2.5,0.8,4.3,17.6,0,2.8,0,0.5,1,50,0.3,1,1.3,0.5,0.5,0.5,0,0.3,0.8,0.5,2,-4.3
542,"Cleveland, Antonius",ATL,4,2,2,10.4,8.8,20,43.8,2.5,6.8,37,4.8,7,67.9,2.3,9,11.3,5.3,2.3,2,1.3,1.5,3.5,4.8,24.8,4
542,"Williams, Troy",HOU,4,3,1,4.2,4.3,7.5,56.7,1.8,3.3,53.8,1.5,2,75,0.5,3.8,4.3,3.3,1,1.3,0.5,0,1,1.5,11.8,5.3
542,"Gibson, Jonathan",BOS,4,2,2,10,9.5,19.3,49.4,3,8,37.5,2.8,3.8,73.3,1.5,7.3,8.8,7,2.5,2.3,0.8,1,2.3,3.5,24.8,0.3
542,"McCree, Erik",UTA,4,4,0,1.9,2,3.3,61.5,0.3,0.8,33.3,1.5,1.5,100,0.3,0.8,1,0.5,1,0.8,0.3,0.3,0.3,1.3,5.8,2.3
542,"Jones, Jalen",NOP,4,1,3,4.8,4.8,8,59.4,2,3.3,61.5,1.3,2,62.5,1,3.5,4.5,2.8,1.5,1,0.3,0.3,1.3,1.3,12.8,1.8
542,"Asik, Omer",CHI,4,0,4,15.3,14.8,28,52.7,5.5,12.5,44,3.3,5.3,61.9,2.5,10.3,12.8,10,4.3,4.5,2,1,5.5,5.8,38.3,7.3
542,"Costello, Matt",SAS,4,2,2,8.1,5.5,12,45.8,2,5.5,36.4,3.5,5,70,1.5,4.5,6,3.3,3.3,1.5,1,0.8,2.8,3.8,16.5,-3.8
542,"Johnson, Omari",MEM,4,1,3,18.8,16,32,50,6,15,40,7.3,10.3,70.7,4,10.8,14.8,10.8,5.5,2,1.8,1.3,5.3,6.8,45.3,-2.5
542,"James, Mike",NOP,4,1,3,4.5,5,8.3,60.6,0.8,1.5,50,2.5,3.3,76.9,1,3.8,4.8,3.3,1.3,1.3,0.8,0.5,2,2,13.3,2.5
542,"Hunter, Vincent",MEM,4,0,4,1.9,1,2.3,44.4,0.5,0.8,66.7,0.5,0.5,100,0.3,1,1.3,0.8,1,0.3,0,0.3,1,0.3,3,-1.5
542,"Kilpatrick, Sean",LAC,4,1,3,9.6,8.5,17.3,49.3,2.8,5.5,50,4.5,5,90,2,5.3,7.3,5,1.8,1.3,1.8,1.3,5.3,4,24.3,-0.3
556,"Reed, Willie",DET,3,3,0,3.1,3,5,60,0.7,2,33.3,0.7,1,66.7,0.3,1.7,2,1.3,1,0.3,0.7,0,0.7,2,7.3,0
556,"Hearn, Reggie",DET,3,3,0,2.2,1.7,4.3,38.5,0.7,2.3,28.6,1,1.7,60,0.7,1.7,2.3,0.7,0.3,0.3,0,0,0.7,1.7,5,1.7
556,"Teague, Marquis",MEM,3,0,3,24.6,20,42.7,46.9,7,20,35,10.7,12,88.9,6,18,24,13.3,8.3,4.3,2.7,1.3,9.3,9.3,57.7,8
556,"McAdoo, James Michael",PHI,3,1,2,6,5,10.3,48.4,0.7,2.7,25,2.3,2.7,87.5,1,5.3,6.3,3,2.3,1.7,0.3,0.3,1.3,2.3,13,-0.3
556,"Quarterman, Tim",HOU,3,2,1,4.3,3,7.7,39.1,0.7,2.7,25,2.3,4,58.3,0.7,3,3.7,2.7,1,2.3,0,1,1.7,2.3,9,3.3
556,"Williams Jr., Matt",MIA,3,1,2,3.8,1.3,5,26.7,0,1.3,0,1.7,2.3,71.4,0.3,2,2.3,0,2,0.7,0.3,0,1.7,1.7,4.3,-5.3
556,"Pullen, Jacob",PHI,3,2,1,2,1.7,4.7,35.7,0,1.7,0,0,0,0,0.7,2,2.7,0.7,1,0.7,0,0.3,0,0,3.3,0
556,"Morris, Monte",DEN,3,2,1,8.4,6.7,14.7,45.5,3,6.3,47.4,4.3,5.3,81.3,1.7,6,7.7,3.7,3,1,1,0,2.7,2.7,20.7,2.3
556,"Stockton, David",UTA,3,3,0,3.1,3.3,5.3,62.5,1,2,50,1.7,2,83.3,0,2,2,2.7,0.3,1.3,0,0,1,1,9.3,3.7
556,"Bledsoe, Eric",PHX,3,0,3,27.6,27,54.7,49.4,9.3,16.3,57.1,14,18,77.8,6.7,24.3,31,13,9,5,3,3.3,15,14.3,77.3,24
556,"Smith, Josh",NOP,3,2,1,3.9,3,6.3,47.4,1,2.7,37.5,2.7,3,88.9,0,4.3,4.3,2.3,1.7,0.3,0.3,0,2,1.7,9.7,3.3
556,"Drew II, Larry",PHI,3,2,1,4.9,3.3,7.7,43.5,1.3,3.3,40,1.3,1.3,100,1.3,3.7,5,2,1.3,0.3,0.3,0,1,1.3,9.3,1.7
556,"Jackson, Demetrius",PHI,3,3,0,5.8,7.3,12.7,57.9,3,4.7,64.3,1.7,2,83.3,1.3,4,5.3,5.7,1,1,0.7,0.3,2,1.3,19.3,4.3
556,"Warney, Jameel",DAL,3,1,2,8.9,7.3,15.7,46.8,2.3,7,33.3,3,3.3,90,1.3,5.7,7,3,1.7,1,1,0,3.3,4.3,20,1.7
570,"Okafor, Jahlil",PHI,2,1,1,12.6,12,24.5,49,4,11,36.4,8,9,88.9,2,10,12,7.5,2.5,2.5,2.5,1.5,5.5,6.5,36,10.5
570,"Silas, Xavier",BOS,2,1,1,3.7,3.5,7.5,46.7,1,2,50,0.5,1,50,1.5,3,4.5,1.5,1,0.5,0.5,0,4,1,8.5,-0.5
570,"Dozier, PJ",OKC,2,1,1,1.6,1.5,4,37.5,0,1,0,0.5,0.5,100,1,1,2,1,0,0,0.5,0,0,0.5,3.5,1.5
570,"Eddie, Jarell",BOS,2,1,1,2.8,2.5,4.5,55.6,1.5,1.5,100,1,1,100,0,3.5,3.5,2,0.5,0,0,0,0.5,1,7.5,4.5
570,"Felder, Kay",DET,2,2,0,2.9,2,5.5,36.4,1,3,33.3,0.5,1.5,33.3,1,2,3,1,0.5,0.5,0,0,1,1.5,5.5,0.5
570,"Caboclo, Bruno",TOR,2,2,0,3.3,1,6,16.7,0.5,2,25,0.5,1,50,0.5,1.5,2,1,1,0.5,0,1,1,0.5,3,-5
570,"Ingram, Andre",LAL,2,1,1,32.1,26.5,57.5,46.1,7.5,21,35.7,7,13.5,51.9,4,23.5,27.5,15,12.5,6,2,4,12.5,14,67.5,-10
570,"Hayes, Nigel",TOR,2,2,0,3.1,1.5,3.5,42.9,0,1.5,0,1,2,50,0.5,1.5,2,0.5,1.5,1,0.5,0.5,1,1,4,-2
570,"Hayes, Nigel",LAL,2,1,1,5.4,5,8.5,58.8,2,3.5,57.1,1.5,2,75,0.5,2.5,3,3.5,2,0.5,0,0,1,2,13.5,-4
570,"McRoberts, Josh",DAL,2,2,0,2.9,2,4.5,44.4,1.5,2.5,60,0.5,1,50,0,2.5,2.5,1.5,1,0.5,0.5,0,0.5,1,6,0
570,"Moore, Ben",IND,2,1,1,4.6,5.5,8,68.8,2.5,3.5,71.4,4,5,80,0,3.5,3.5,4.5,0.5,2,0.5,0,2.5,3.5,17.5,7.5
570,"Williams, Derrick",LAL,2,1,1,4.3,1.5,4.5,33.3,0,1,0,3,4,75,0,5,5,0,3.5,1.5,1,0.5,1.5,2,6,2.5
570,"Montero, Luis",DET,2,1,1,4,3.5,8,43.8,1,2,50,0,0,0,0,4,4,2.5,0,1,0,0.5,1,0,8,2.5
583,"Lydon, Tyler",DEN,1,1,0,2.2,4,5,80,1,1,100,0,0,0,1,2,3,3,0,0,0,0,1,0,9,6
583,"Hayward, Gordon",BOS,1,0,1,5.3,3,8,37.5,0,2,0,3,3,100,1,4,5,3,2,0,1,1,2,2,9,-3
583,"McKinney-Jones, Trey",IND,1,1,0,1.2,1,2,50,0,1,0,2,2,100,0,1,1,0,0,0,0,0,1,1,4,0
583,"Vaughn, Rashad",BKN,1,0,1,4.2,1,5,20,1,3,33.3,5,7,71.4,1,2,3,0,0,0,0,0,0,5,8,-4
583,"Boucher, Chris",GSW,1,1,0,1.3,1,1,100,0,0,0,0,2,0,0,1,1,0,0,0,0,0,0,1,2,2
583,"Onuaku, Chinanu",HOU,1,0,1,21.6,13,35,37.1,4,14,28.6,10,12,83.3,4,18,22,8,5,3,1,4,8,14,40,8
583,"Hopson, Scotty",DAL,1,0,1,8.4,11,14,78.6,1,2,50,2,3,66.7,0,7,7,6,5,4,0,0,5,3,25,8
583,"Papagiannis, Georgios",POR,1,0,1,3.7,0,4,0,0,4,0,0,2,0,1,1,2,0,4,0,0,0,1,2,0,-15
583,"Patton, Justin",MIN,1,0,1,3.7,2,5,40,1,4,25,4,6,66.7,1,3,4,0,3,0,0,0,1,3,9,-3
583,"Wright, Brandan",HOU,1,1,0,15.3,14,27,51.9,6,10,60,5,8,62.5,1,6,7,11,4,3,0,1,8,8,39,-9
583,"Canaan, Isaiah",HOU,1,1,0,4,5,6,83.3,1,1,100,1,2,50,0,3,3,3,1,1,1,0,2,2,12,1
583,"Mitrou-Long, Naz",UTA,1,0,1,0.5,0,0,0,0,0,0,0,0,0,0,0,0,0,1,0,0,0,1,0,0,-5
583,"Perkins, Kendrick",CLE,1,0,1,14.5,15,26,57.7,5,8,62.5,1,2,50,2,7,9,12,6,3,1,1,7,3,36,-3
583,"Evans, Jeremy",ATL,1,0,1,5.4,5,10,50,2,5,40,4,5,80,2,4,6,2,1,1,0,0,3,3,16,4
583,"Eddie, Jarell",CHI,1,0,1,3,0,2,0,0,2,0,2,2,100,0,1,1,0,3,0,0,0,1,1,2,-10
583,"Lin, Jeremy",BKN,1,0,1,25.2,29,54,53.7,5,19,26.3,12,14,85.7,6,17,23,17,8,9,3,1,15,11,75,6
583,"Richardson, Malachi",TOR,1,1,0,4.7,7,9,77.8,3,5,60,1,1,100,0,5,5,4,0,0,0,0,0,1,18,12
583,"Kuzminskas, Mindaugas",NYK,1,0,1,1.9,0,3,0,0,1,0,0,0,0,0,3,3,0,0,1,1,0,0,0,0,0
583,"Deng, Luol",LAL,1,0,1,13.1,13,32,40.6,5,10,50,2,2,100,7,14,21,8,4,2,0,1,8,2,33,7
583,"Robinson, Devin",WAS,1,0,1,13.2,6,17,35.3,2,5,40,9,10,90,0,9,9,3,6,1,2,1,9,5,23,-10
583,"Brown, Anthony",MIN,1,0,1,3.7,2,5,40,1,4,25,4,6,66.7,1,3,4,0,3,0,0,0,1,3,9,-3
583,"Sumner, Edmond",IND,1,0,1,2.2,3,5,60,1,3,33.3,1,1,100,1,3,4,2,1,0,0,0,1,1,8,6
583,"Jackson, Aaron",HOU,1,0,1,34.5,28,58,48.3,5,16,31.3,8,12,66.7,4,29,33,16,7,6,3,4,12,19,69,10