Player_num,PLAYER,TEAM,AGE,GP,W,L,MIN,%FGA 2PT,%FGA 3PT,%PTS 2PT,%PTS 2PT MR,%PTS 3PT,%PTS FBPS,%PTS FT,%PTS OFFTO,%PTS PITP,2FGM %AST,2FGM %UAST,3FGM %AST,3FGM %UAST,FGM %AST,FGM %UAST
1,Dragan Bender,PHX,20,82,21,61,25.2,33.5,66.5,26,0.8,66.7,5.8,7.3,13.7,25.2,50.7,49.3,99.2,0.8,81.3,18.7
1,E'Twaun Moore,NOP,29,82,48,34,31.5,63.8,36.2,57.7,9.6,37.6,21.4,4.7,17.6,48.1,64.1,35.9,98.4,1.6,74.5,25.5
1,PJ Tucker,HOU,33,82,65,17,27.8,29.7,70.3,22.7,3.2,68.7,9.8,8.6,19.1,19.5,57.9,42.1,98.3,1.7,84.9,15.1
1,Pat Connaughton,POR,25,82,49,33,18.1,46.2,53.8,41.3,6.3,50.3,5.9,8.4,11.1,34.9,69.2,30.8,93.2,6.8,80,20
1,Patrick Patterson,OKC,29,82,48,34,15.5,35.7,64.3,25.2,4.4,62.3,10.7,12.6,13.8,20.8,60,40,100,0,84.9,15.1
1,Patty Mills,SAS,29,82,47,35,25.7,39.3,60.7,30.8,16.6,56.4,11.7,12.8,12.8,14.2,47.6,52.4,76,24,63.2,36.8
1,Yogi Ferrell,DAL,25,82,24,58,27.8,50.8,49.2,42.2,20,48,12.3,9.8,16,22.2,40.1,59.9,74.6,25.4,55,45
1,Joe Ingles,UTA,30,82,48,34,31.4,35.4,64.6,27.9,4,65.1,12.7,7,17.3,23.8,35.9,64.1,84.8,15.2,65.7,34.3
1,Raymond Felton,OKC,34,82,48,34,16.6,58.3,41.7,50.6,19.5,43,5.3,6.4,15.8,31.2,7.7,92.3,72.8,27.2,31.3,68.8
1,Khris Middleton,MIL,26,82,44,38,36.4,68,32,54.1,27.1,26.5,11.7,19.4,16.9,27,42.7,57.3,84.2,15.8,53,47
1,Jakob Poeltl,TOR,22,82,59,23,18.6,99.5,0.5,88.9,2.1,0.5,6.7,10.6,16.2,86.8,73,27,100,0,73.1,26.9
1,Julius Randle,LAL,23,82,35,47,26.7,95,5,74.7,3.3,2.3,16.8,23.1,15,71.4,53.4,46.6,100,0,54.4,45.6
1,Ish Smith,DET,29,82,39,43,24.9,87.4,12.6,79.2,26.6,11.7,12.9,9.1,14.5,52.6,20.3,79.7,62.9,37.1,24.2,75.8
1,Lance Stephenson,IND,27,82,48,34,22.6,67.3,32.7,62.4,20.3,26.6,13.7,11.1,15.7,42,23.7,76.3,71.6,28.4,34.3,65.7
1,LeBron James,CLE,33,82,50,32,36.9,74.3,25.7,62.9,10.4,19.9,15.2,17.2,14.9,52.5,30.1,69.9,35.6,64.4,31,69
1,Dillon Brooks,MEM,22,82,22,60,28.7,65.8,34.2,54.8,10.9,31.4,18.2,13.8,16,43.9,53.3,46.7,90.4,9.6,63.5,36.5
1,Taj Gibson,MIN,33,82,47,35,33.2,95.3,4.7,83.7,12,2.1,6.6,14.2,16.3,71.7,71.1,28.9,100,0,71.5,28.5
1,Taurean Prince,ATL,24,82,24,58,30,53.1,46.9,41.3,6.4,45.6,11.6,13.1,15,34.9,38.1,61.9,89.8,10.2,60,40
1,Darius Miller,NOP,28,82,48,34,23.7,26.5,73.5,21.7,13.5,69.2,10.5,9.1,12.2,8.2,59.4,40.6,95.9,4.1,84.3,15.7
1,Karl-Anthony Towns,MIN,22,82,47,35,35.6,75.7,24.3,59.6,10.3,20.7,3.3,19.8,14.5,49.2,64.2,35.8,97.5,2.5,70.4,29.6
1,Cory Joseph,IND,26,82,48,34,27,68.5,31.5,58.2,27.4,31,11.1,10.8,14.6,30.8,27,73,91,9,43.8,56.3
1,Marcin Gortat,WAS,34,82,43,39,25.3,100,0,84.1,11,0,4.1,15.9,10.3,73,75.5,24.5,0,0,75.5,24.5
1,Tyus Jones,MIN,22,82,47,35,17.9,60.7,39.3,50.5,9.1,32.5,21.2,17.1,21.6,41.3,38.1,61.9,93.3,6.7,54.7,45.3
1,Andrew Wiggins,MIN,23,82,47,35,36.3,74,26,62.9,16.7,23.1,10.1,13.9,15.8,46.3,47,53,84.8,15.2,54.5,45.5
1,Bradley Beal,WAS,25,82,43,39,36.3,64.3,35.7,52.1,20,32.1,10.9,15.7,16.9,32.1,35.5,64.5,78.4,21.6,48,52
1,Bismack Biyombo,ORL,25,82,25,57,18.2,99.7,0.3,78.2,5.6,0,4.3,21.8,12,72.6,80.3,19.7,0,0,80.3,19.7
27,Thaddeus Young,IND,30,81,48,33,32.2,79.1,20.9,76,9.6,18.2,11.2,5.8,19.6,66.4,56.5,43.5,94.8,5.2,61.8,38.2
27,Will Barton,DEN,27,81,46,35,33.1,58.9,41.1,48.7,4.3,36.9,21.5,14.4,17.6,44.5,39.2,60.8,73.1,26.9,50.5,49.5
27,Jordan Clarkson,CLE,26,81,40,41,23.3,66.7,33.3,56.6,17.1,29.9,12.9,13.5,15.6,39.5,27.7,72.3,79.5,20.5,41.2,58.8
27,Ben Simmons,PHI,21,81,51,30,33.7,98.9,1.1,85.1,4.7,0,13,14.9,18,80.4,34.4,65.6,0,0,34.4,65.6
27,Kelly Oubre Jr.,WAS,22,81,43,38,27.5,53.3,46.7,40.3,4.8,39.7,16.3,20,19.6,35.5,53.1,46.9,92.1,7.9,68.6,31.4
27,Josh Richardson,MIA,24,81,44,37,33.2,62,38,52.1,18,36.5,9.7,11.5,14.5,34.1,39.7,60.3,95.3,4.7,57.4,42.6
27,Jrue Holiday,NOP,28,81,47,34,36.1,71.4,28.6,64.4,11.6,23.4,12.9,12.2,13.5,52.8,34.3,65.7,70.8,29.2,41.5,58.5
27,Dejounte Murray,SAS,21,81,47,34,21.5,94.4,5.6,79.8,14.7,4.1,19.1,16.1,18.2,65.1,32.6,67.4,100,0,34.8,65.2
27,Pascal Siakam,TOR,24,81,59,22,20.7,73.5,26.5,76.1,1.4,14.8,23.3,9.2,22.6,74.7,68.8,31.3,100,0,72.3,27.7
27,Jerami Grant,OKC,24,81,48,33,20.3,75.9,24.1,62.2,2.6,14.1,10.1,23.8,21.6,59.5,73.1,26.9,93.8,6.3,75.8,24.2
27,CJ McCollum,POR,26,81,48,33,36.1,68.4,31.6,55.2,21.8,32.7,9.5,12.1,13,33.4,21.8,78.2,62.4,37.6,33.3,66.7
27,Jamal Murray,DEN,21,81,46,35,31.7,58.9,41.1,46.4,12,36.6,13,16.9,15.3,34.5,39.8,60.2,77,23,52.6,47.4
27,Doug McDermott,DAL,26,81,30,51,21.8,57.5,42.5,46,8.3,43.8,9.8,10.2,14.6,37.8,84.1,15.9,100,0,90.3,9.7
27,Dwight Howard,CHA,32,81,35,46,30.4,99.2,0.8,75,6.2,0.2,3.2,24.8,13.1,68.7,56.8,43.2,100,0,56.9,43.1
27,Aron Baynes,BOS,31,81,54,27,18.3,95.3,4.7,85.9,25.7,1.9,0.8,12.2,8.3,60.2,74.4,25.6,100,0,74.8,25.2
42,Jae Crowder,UTA,27,80,52,28,26.1,49.2,50.8,41.7,8.8,42.7,10.3,15.7,17.3,32.9,80.7,19.3,92.7,7.3,85.6,14.4
42,Jayson Tatum,BOS,20,80,53,27,30.5,71,29,52.5,16.5,28.3,14.2,19.2,18.2,36,56.5,43.5,92.4,7.6,66,34
42,Robert Covington,PHI,27,80,51,29,31.6,34.2,65.8,28.1,3.8,60.4,17.7,11.5,20.1,24.4,81,19,97,3,90.4,9.6
42,Bryn Forbes,SAS,24,80,46,34,19,54.1,45.9,43.2,21.3,48.1,12.6,8.6,17.3,22,68.3,31.7,94.4,5.6,79.4,20.6
42,Buddy Hield,SAC,24,80,27,53,25.3,56.3,43.7,44.5,18.7,48.9,17.2,6.6,20.6,25.8,44.2,55.8,77.3,22.7,58.2,41.8
42,Marco Belinelli,PHI,32,80,39,41,24.3,48.3,51.7,38.7,20.6,46,7.3,15.2,16.6,18.1,80.3,19.7,87.2,12.8,83.4,16.6
42,Tobias Harris,LAC,25,80,39,41,33.3,63.6,36.4,51,12.2,36.9,10.2,12,15.3,38.8,45.9,54.1,86.9,13.1,59.3,40.7
42,Bojan Bogdanovic,IND,29,80,47,33,30.8,54.7,45.3,43.6,9.6,40.8,23,15.6,17.4,34,53,47,94.2,5.8,68.8,31.2
42,Jamal Crawford,MIN,38,80,45,35,20.7,57.7,42.3,49.6,32.4,38,6.2,12.4,13,17.3,23,77,73.1,26.9,39.9,60.1
42,Kemba Walker,CHA,28,80,36,44,34.2,55.9,44.1,40.3,13.4,39.2,11.1,20.5,14.5,26.9,15.1,84.9,48.1,51.9,28.1,71.9
42,Jeremy Lamb,CHA,26,80,36,44,24.6,69.5,30.5,55.4,17.4,27.3,8.9,17.3,13.5,37.9,39.9,60.1,68.1,31.9,46.8,53.2
42,DeMar DeRozan,TOR,28,80,57,23,33.9,79.7,20.3,60.4,23.3,14.5,9.1,25.1,15.5,37.2,26.3,73.7,67.4,32.6,31.9,68.1
42,Nick Young,GSW,33,80,56,24,17.4,33.2,66.8,26.9,12.4,63.5,19.3,9.6,13.1,14.5,64.1,35.9,88.6,11.4,79.1,20.9
42,Russell Westbrook,OKC,29,80,47,33,36.4,80.7,19.3,65.1,20.7,14.3,21.7,20.6,20.4,44.4,17,83,43.3,56.7,20.3,79.7
42,JR Smith,CLE,32,80,49,31,28.1,36,64,29.3,13.6,64.8,10.6,5.9,13.6,15.7,32,68,91.6,8.4,67.5,32.5
42,Terry Rozier,BOS,24,80,54,26,25.9,49.8,50.2,36.2,10.7,51,15.1,12.8,17.4,25.6,26.4,73.6,70.6,29.4,47.8,52.2
42,Spencer Dinwiddie,BKN,25,80,28,52,28.8,48.3,51.7,36.3,4.8,42,6.5,21.6,12.4,31.6,14.2,85.8,59.6,40.4,34,66
59,Gorgui Dieng,MIN,28,79,45,34,16.9,84.3,15.7,71.1,35.3,12.1,7.7,16.8,16.6,35.7,78.4,21.6,89.5,10.5,79.6,20.4
59,Anthony Tolliver,DET,33,79,37,42,22.2,22.7,77.3,17.1,1.4,67.9,11.2,15.1,15.1,15.6,73.3,26.7,100,0,92.7,7.3
59,Paul George,OKC,28,79,47,32,36.6,54.6,45.4,38.3,11.6,42.2,11.9,19.5,15.3,26.6,35.8,64.2,80.3,19.7,54.7,45.3
59,Lou Williams,LAC,31,79,42,37,32.8,61.3,38.7,44.4,13.2,31.3,11.4,24.2,12.2,31.2,24.2,75.8,65.1,34.9,37.3,62.7
59,Jusuf Nurkic,POR,23,79,48,31,26.4,99.3,0.7,84.8,12.2,0,3.7,15.2,12.5,72.6,69.4,30.6,0,0,69.4,30.6
59,Frank Kaminsky,CHA,25,79,35,44,23.2,61.7,38.3,46.5,8.7,35.7,6,17.8,14.8,37.8,51.7,48.3,99,1,67.8,32.2
59,Evan Turner,POR,29,79,48,31,25.7,77.1,22.9,66.6,30.5,19.4,7.1,14,12.9,36.1,23.6,76.4,97.6,2.4,35.7,64.3
59,Donovan Mitchell,UTA,21,79,46,33,33.4,59.6,40.4,50.5,8.8,34.7,11.8,14.8,15,41.7,24.8,75.2,65.8,34.2,37.6,62.4
59,Dwight Powell,DAL,26,79,23,56,21.2,80.5,19.5,67.7,4.5,12.5,5.2,19.8,11,63.2,82.8,17.2,100,0,84.7,15.3
59,Troy Daniels,PHX,26,79,20,59,20.5,20.3,79.7,13.9,6.3,78.1,8.7,8,10.1,7.7,69.4,30.6,92.3,7.7,87.5,12.5
69,Carmelo Anthony,OKC,34,78,46,32,32.1,59.4,40.6,48.1,28.7,40.2,11,11.7,15.7,19.3,37.6,62.4,87.6,12.4,55.5,44.5
69,Ed Davis,POR,29,78,48,30,18.9,99.7,0.3,82.1,1.4,0,4.1,17.9,13.3,80.7,57.6,42.4,0,0,57.6,42.4
69,Andre Drummond,DET,24,78,37,41,33.7,98.8,1.2,79.6,1.4,0,8,20.4,14.7,78.2,54.5,45.5,0,0,54.5,45.5
69,Jeff Green,CLE,31,78,47,31,23.4,72.5,27.5,57.2,8.3,18.8,13.4,24,17,48.9,58.3,41.7,96.2,3.8,65.1,34.9
69,Kyle Lowry,TOR,32,78,57,21,32.2,36.9,63.1,26,4.6,56.4,17.2,17.6,13.2,21.5,26.7,73.3,64.3,35.7,48.9,51.1
69,Joe Harris,BKN,26,78,27,51,25.3,42.4,57.6,36.6,2.1,53.2,11.5,10.2,13.1,34.5,63.9,36.1,94.7,5.3,79,21
69,Bogdan Bogdanovic,SAC,25,78,26,52,27.9,57.4,42.6,46.9,19.2,42.2,9.1,10.9,16.1,27.7,35.8,64.2,76,24,50.9,49.1
69,Frank Ntilikina,NYK,19,78,28,50,21.9,68.6,31.4,57,26.3,32.4,7.3,10.6,14.7,30.7,33.3,66.7,80,20,46.2,53.8
69,Dario Saric,PHI,24,78,49,29,29.6,55.2,44.8,43.1,7.4,41.3,8.2,15.6,15.9,35.8,66.3,33.7,100,0,79.4,20.6
69,Marvin Williams,CHA,32,78,33,45,25.7,45.8,54.2,35.5,4.3,50.8,10.6,13.7,12.9,31.2,65.2,34.8,99.2,0.8,81.8,18.2
79,Ian Mahinmi,WAS,31,77,42,35,14.9,99.2,0.8,75.4,2.2,0,2.5,24.6,10.7,73.2,62.3,37.7,0,0,62.3,37.7
79,Harrison Barnes,DAL,26,77,24,53,34.2,72.4,27.6,57.6,17.8,24.6,5.5,17.8,13.2,39.8,36.6,63.4,83.2,16.8,46.9,53.1
79,Kyle Kuzma,LAL,22,77,34,43,31.2,58.2,41.8,49.8,6.9,38.4,16.3,11.8,14.1,42.8,53.1,46.9,88.1,11.9,65,35
79,Dirk Nowitzki,DAL,40,77,24,53,24.7,55.5,44.5,44.9,33.2,44.7,5.2,10.5,10,11.7,77.4,22.6,100,0,86.4,13.6
79,Jodie Meeks,WAS,30,77,41,36,14.5,46.6,53.4,34.9,9.9,44.4,14,20.7,19.3,25.1,76.5,23.5,94.4,5.6,84.7,15.3
79,Josh Jackson,PHX,21,77,19,58,25.4,76.7,23.3,65.6,13,16.9,21.1,17.5,17.1,52.6,36.1,63.9,91.2,8.8,44.2,55.8
79,Wayne Ellington,MIA,30,77,42,35,26.5,17.3,82.7,13.4,4.2,78.8,10.3,7.8,15.7,9.3,65.5,34.5,94.7,5.3,88.8,11.2
79,Derrick Favors,UTA,26,77,46,31,28,91,9,80.7,10.6,4.4,5.5,14.8,14.6,70.1,78.5,21.5,100,0,79.2,20.8
79,Denzel Valentine,CHI,24,77,26,51,27.2,48.7,51.3,40.4,12,54.8,20.2,4.9,16,28.4,48.7,51.3,79,21,63.1,36.9
79,Otto Porter Jr.,WAS,25,77,42,35,31.6,64.6,35.4,54.1,23.3,36.5,12.9,9.3,17.9,30.9,63.2,36.8,91.3,8.7,71.9,28.1
79,Jonas Valanciunas,TOR,26,77,56,21,22.4,89.2,10.8,73.5,5.7,9.2,1.6,17.3,7.4,67.8,63.6,36.4,90,10,65.6,34.4
79,Ricky Rubio,UTA,27,77,44,33,29.3,67,33,49.6,24.6,28.6,8.4,21.8,14.6,25,28.8,71.2,86.5,13.5,44.8,55.2
79,Kyle O'Quinn,NYK,28,77,28,49,18,95.6,4.4,80,15.3,2.2,3.6,17.8,14.5,64.7,65.9,34.1,100,0,66.5,33.5
79,DeAndre Jordan,LAC,29,77,39,38,31.5,100,0,80.5,0,0,10.9,19.5,14.5,80.5,66.5,33.5,0,0,66.5,33.5
79,Pau Gasol,SAS,37,77,45,32,23.5,80.9,19.1,63,15.7,16.6,5,20.4,15,47.2,67.6,32.4,100,0,72.5,27.5
79,Davis Bertans,SAS,25,77,43,34,14.1,31.1,68.9,29.4,5.7,61.8,14.5,8.8,18.6,23.7,83.6,16.4,100,0,93.2,6.8
95,Serge Ibaka,TOR,28,76,53,23,27.5,62.1,37.9,56.7,20.6,33.5,9.3,9.8,12.3,36.1,69.9,30.1,95.3,4.7,77,23
95,Mike Scott,WAS,29,76,39,37,18.5,68.9,31.1,62.9,26.6,29.6,4,7.5,15.3,36.2,74.3,25.7,100,0,80.4,19.6
95,Fred VanVleet,TOR,24,76,55,21,20,52.1,47.9,37.8,1.5,49.4,15.5,12.8,17.1,36.3,24.2,75.8,77.8,22.2,49.1,50.9
95,Kelly Olynyk,MIA,27,76,42,34,23.4,56,44,48.2,6.9,36.5,6.1,15.4,15.1,41.3,53.3,46.7,90.6,9.4,65.8,34.2
95,Courtney Lee,NYK,32,76,27,49,30.4,63.2,36.8,50.4,20.6,37.1,14.1,12.5,19.5,29.8,49.1,50.9,79.6,20.4,59.2,40.8
95,John Henson,MIL,27,76,39,37,25.9,98.6,1.4,86,6,0.5,5.1,13.5,12,80,81.5,18.5,100,0,81.5,18.5
95,Steven Adams,OKC,24,76,43,33,32.7,99.7,0.3,84.8,0.9,0,9.4,15.2,13,83.9,69.2,30.8,0,0,69.2,30.8
95,T.J. McConnell,PHI,26,76,50,26,22.4,85.3,14.7,76.6,21.3,16.9,10.9,6.5,13.4,55.2,31.1,68.9,100,0,40,60
95,Montrezl Harrell,LAC,24,76,39,37,17,98.7,1.3,83,1.7,0.4,19.6,16.6,16,81.3,66.9,33.1,0,100,66.7,33.3
104,Giannis Antetokounmpo,MIL,23,75,39,36,36.8,90,10,69.4,11.1,6.4,17.6,24.2,15.4,58.3,42.9,57.1,90.7,9.3,45.7,54.3
104,Alex Abrines,OKC,24,75,42,33,15.1,24.1,75.9,17.6,1.1,71.4,15.6,11,16.4,16.4,54.8,45.2,100,0,87.8,12.2
104,Victor Oladipo,IND,26,75,48,27,34,67.7,32.3,55.2,18.1,27.8,18.4,16.9,20.5,37.1,28,72,55.3,44.7,34.8,65.2
104,Tony Snell,MIL,26,75,42,33,27.4,36.9,63.1,29.8,7,62.8,13.6,7.4,22.1,22.9,62.3,37.7,100,0,84.3,15.7
104,Goran Dragic,MIA,32,75,39,36,31.7,72.1,27.9,57.6,13.4,25.7,14,16.7,18.7,44.1,27.3,72.7,78.4,21.6,39,61
104,Mario Hezonja,ORL,23,75,21,54,22.1,56.7,43.3,50.7,10.5,37.4,17.2,11.9,16.9,40.2,56.8,43.2,87.8,12.2,67,33
104,LaMarcus Aldridge,SAS,32,75,45,30,33.4,93.2,6.8,76.1,27.1,4.7,3.5,19.3,14.3,49,50,50,96.3,3.7,51.8,48.2
104,D.J. Augustin,ORL,30,75,23,52,23.5,49.6,50.4,33.9,5.7,44.6,10.8,21.4,14,28.2,23.1,76.9,67.5,32.5,43.9,56.1
104,Anthony Davis,NOP,25,75,45,30,36.4,88.9,11.1,68.7,13.9,7.8,12.7,23.5,15.1,54.8,70.1,29.9,90.9,9.1,71.5,28.5
104,Nikola Jokic,DEN,23,75,43,32,32.6,72.3,27.7,56.8,13,24,4.4,19.2,10.8,43.8,54.5,45.5,89.2,10.8,62.1,37.9
104,Allen Crabbe,BKN,26,75,25,50,29.3,35.7,64.3,27.5,8.7,60.9,8.7,11.6,14.8,18.8,74.3,25.7,94,6,86.1,13.9
115,Michael Beasley,NYK,29,74,24,50,22.3,89.3,10.7,76.8,16,10.5,5.7,12.7,11.2,60.9,46.7,53.3,91.2,8.8,50.4,49.6
115,Jonas Jerebko,UTA,31,74,45,29,15.3,54,46,43.8,5.1,45.5,11.4,10.7,21,38.7,69.1,30.9,100,0,81.8,18.2
115,Domantas Sabonis,IND,22,74,45,29,24.5,94.4,5.6,76,11.6,4.5,7.1,19.5,15.7,64.3,73.7,26.3,100,0,74.7,25.3
115,Clint Capela,HOU,24,74,62,12,27.5,99.9,0.1,86,0.6,0,7.3,14,13.8,85.4,81.9,18.1,0,0,81.9,18.1
115,John Collins,ATL,20,74,21,53,24.1,91.4,8.6,76.7,5.4,6.2,9.9,17.1,20.3,71.3,74.2,25.8,100,0,75.5,24.5
115,Kyle Anderson,SAS,24,74,41,33,26.7,87,13,72.5,12,9.7,10.8,17.8,15.7,60.5,51.4,48.6,94.7,5.3,55,45
115,Brook Lopez,LAL,30,74,34,40,23.4,59,41,53.5,6,35,6.1,11.6,8.2,47.5,54.5,45.5,98.2,1.8,67.8,32.2
115,Wesley Johnson,LAC,30,74,38,36,20.1,51.9,48.1,44.7,24.3,44.7,11.7,10.7,16.6,20.3,75.6,24.4,90,10,81.3,18.7
115,Thon Maker,MIL,21,74,40,34,16.7,67.1,32.9,55.6,18.5,26.1,5.3,18.3,20.8,37.1,89.9,10.1,100,0,92.3,7.7
115,Mason Plumlee,DEN,28,74,40,34,19.5,99.7,0.3,84.4,2.7,0,8.2,15.6,15.3,81.7,71.5,28.5,0,0,71.5,28.5
115,Eric Bledsoe,MIL,28,74,40,34,31.4,63.6,36.4,52.2,11.7,28.6,17.7,19.2,21.5,40.5,28,72,74.4,25.6,40.4,59.6
115,Jerian Grant,CHI,25,74,24,50,22.8,62.8,37.2,47.8,20.7,29.6,9.2,22.6,9.9,27.1,15.5,84.5,65.6,34.4,30.1,69.9
115,OG Anunoby,TOR,20,74,51,23,20,43.1,56.9,41.1,0.5,50,14.8,8.9,18.9,40.6,71.1,28.9,94.5,5.5,81.6,18.4
115,Kentavious Caldwell-Pope,LAL,25,74,31,43,33.2,48,52,36.5,11.3,48.1,22.3,15.4,18.5,25.2,61.3,38.7,87.4,12.6,73.5,26.5
115,Ian Clark,NOP,27,74,43,31,19.7,60.6,39.4,58.1,17.1,33.8,15.8,8.2,13.1,41,55,45,80.6,19.4,62.2,37.8
115,Amir Johnson,PHI,31,74,47,27,15.8,87.7,12.3,76,1.8,8.8,5.3,15.2,14,74.3,65.4,34.6,100,0,67.9,32.1
115,Michael Kidd-Gilchrist,CHA,24,74,34,40,25,99.6,0.4,82.8,21.7,0,15.7,17.2,18.1,61.1,67.4,32.6,0,0,67.4,32.6
115,Shabazz Napier,POR,26,74,46,28,20.7,58.9,41.1,43.8,21.4,38.2,10.7,18,14.4,22.4,24.1,75.9,72,28,41.7,58.3
115,Wilson Chandler,DEN,31,74,41,33,31.7,61,39,52.3,5.7,35.8,11,11.9,17.1,46.6,48.7,51.3,94.3,5.7,63,37
134,Jarell Martin,MEM,24,73,21,52,22.8,80.2,19.8,66.2,17.7,18.1,16.6,15.8,20.7,48.5,63.6,36.4,100,0,69.2,30.8
134,Trey Lyles,DEN,22,73,41,32,19.1,60.4,39.6,51.7,6.4,34.4,6.1,14,14.2,45.3,64.2,35.8,98.8,1.2,74.8,25.2
134,Willie Cauley-Stein,SAC,24,73,23,50,28,98.4,1.6,82.6,12.7,1,9.2,16.4,14.4,70,67.8,32.2,100,0,68,32
134,James Johnson,MIA,31,73,37,36,26.6,69.9,30.1,64,8.4,21.7,6,14.3,15.7,55.6,41.3,58.7,91.2,8.8,50.5,49.5
134,Luke Kennard,DET,22,73,34,39,20,58.1,41.9,44.8,21.5,43.5,9.1,11.6,17.4,23.3,52.8,47.2,97.5,2.5,70.4,29.6
134,Bobby Portis,CHI,23,73,25,48,22.5,72.5,27.5,62.7,16.8,24.9,7.3,12.4,15.9,45.9,54,46,100,0,63.6,36.4
134,Kyle Korver,CLE,37,73,43,30,21.6,22.3,77.7,17.3,8.9,73.2,8,9.5,14.9,8.3,94.8,5.2,97.6,2.4,96.8,3.2
134,Lance Thomas,NYK,30,73,25,48,18.5,53.6,46.4,34.9,10.7,50.3,8.7,14.8,14.8,24.2,50,50,100,0,74.5,25.5
134,Dante Cunningham,BKN,31,73,34,39,21.4,53.8,46.2,50.8,6.2,41.7,12,7.4,16.1,44.6,84.9,15.1,98.3,1.7,89.6,10.4
134,Damian Lillard,POR,27,73,44,29,36.6,55.5,44.5,40.2,11.6,34.7,8.1,25.1,12.7,28.5,18,82,43.6,56.4,27.4,72.6
134,Semi Ojeleye,BOS,23,73,50,23,15.8,33.5,66.5,25.6,4.1,61.5,11.8,12.8,16.9,21.5,80,20,95,5,89.2,10.8
134,David West,GSW,37,73,52,21,13.7,97.9,2.1,86.1,27.1,1.8,8.1,12.1,12.3,59,76.1,23.9,66.7,33.3,75.9,24.1
134,Klay Thompson,GSW,28,73,55,18,34.3,55.9,44.1,47.4,26.8,47,19,5.6,12.3,20.5,74.3,25.7,95.2,4.8,82.6,17.4
134,Sindarius Thornwell,LAC,23,73,36,37,15.8,73.8,26.2,54.6,7.1,24.5,20.9,20.9,23.8,47.5,68.8,31.2,100,0,76,24
134,Tomas Satoransky,WAS,26,73,39,34,22.5,73.7,26.3,58.8,13,26.9,14.9,14.3,16.4,45.8,52.6,47.4,100,0,63.7,36.3
134,Marc Gasol,MEM,33,73,21,52,33,69,31,51.7,19.9,26,2.7,22.3,13.5,31.8,66.2,33.8,97.2,2.8,74,26
134,Sam Dekker,LAC,24,73,36,37,12.1,76.8,23.2,77.9,2,9.9,25.1,12.2,16.2,75.9,71.2,28.8,90,10,72.7,27.3
134,Markieff Morris,WAS,28,73,37,36,27,69.9,30.1,60.4,22.1,27.1,6.3,12.5,10,38.3,66.9,33.1,100,0,74.5,25.5
134,De'Aaron Fox,SAC,20,73,24,49,27.7,80.8,19.2,66.6,20.1,16.7,18.8,16.7,16.4,46.4,21.7,78.3,61.7,38.3,27.4,72.6
134,DeMarre Carroll,BKN,31,73,25,48,29.9,50.2,49.8,36.6,3.5,44.3,13.9,19.1,13.9,33.2,46.1,53.9,93.1,6.9,67.1,32.9
154,Maxi Kleber,DAL,26,72,20,52,16.8,58.6,41.4,57.5,7.3,31.1,5.2,11.4,13.2,50.3,79.3,20.7,100,0,84.8,15.2
154,Corey Brewer,OKC,32,72,32,40,16.8,65.2,34.8,58.4,2.6,24.5,26.3,17.1,22.4,55.8,60.4,39.6,100,0,69,31
154,Justin Holiday,CHI,29,72,24,48,31.5,42.6,57.4,29.5,12.3,55.1,10.2,15.4,16,17.1,70.5,29.5,95.7,4.3,84.5,15.5
154,Tyler Johnson,MIA,26,72,39,33,28.5,54.4,45.6,45.1,13,42.3,11.4,12.6,16.1,32,53.2,46.8,95,5,69.3,30.7
154,James Ennis III,DET,27,72,25,47,22.3,60.2,39.8,51.2,7.8,29.9,23,18.9,24.6,43.4,69.5,30.5,100,0,78,22
154,James Harden,HOU,28,72,59,13,35.4,50.2,49.8,35.2,4.6,36.3,6.7,28.5,15.3,30.7,8.8,91.2,26,74,15.8,84.2
154,Jarrett Allen,BKN,20,72,25,47,20,96.2,3.8,78,1.7,2.6,5.3,19.4,13.3,76.3,84.3,15.7,100,0,84.6,15.4
154,Al Horford,BOS,32,72,47,25,31.6,70,30,58.5,14,31.4,4.2,10.1,13.9,44.4,57.2,42.8,94.8,5.2,67.1,32.9
154,Marquese Chriss,PHX,20,72,19,53,21.2,60.2,39.8,52.5,6.8,30.2,11.7,17.3,14.2,45.7,69.2,30.8,100,0,77.7,22.3
163,Kosta Koufos,SAC,29,71,22,49,19.6,100,0,93.1,2.9,0,2.5,6.9,10.1,90.1,68.9,31.1,0,0,68.9,31.1
163,Shaun Livingston,GSW,32,71,49,22,15.9,98.5,1.5,87.3,35.5,0,20.3,12.7,17.3,51.8,52.9,47.1,0,0,52.9,47.1
163,Enes Kanter,NYK,26,71,27,44,25.8,99.7,0.3,84.4,5.6,0,4.9,15.6,12.1,78.8,49.1,50.9,0,0,49.1,50.9
163,Tyler Ulis,PHX,22,71,20,51,23.4,73.5,26.5,62.1,29.2,22.7,9.2,15.2,11.4,32.9,19.8,80.2,50,50,25.7,74.3
163,Devin Harris,DEN,35,71,33,38,18.9,50,50,36.3,3,39.8,15.3,23.9,14.8,33.3,55.6,44.4,74.7,25.3,63.6,36.4
163,Caris LeVert,BKN,23,71,25,46,26.2,66.7,33.3,54.8,6.1,29.7,16.8,15.5,19.1,48.7,30.2,69.8,72.9,27.1,41.6,58.4
169,Danny Green,SAS,31,70,40,30,25.6,43,57,33.7,10,58,14.3,8.3,17.3,23.7,62.4,37.6,99.1,0.9,82,18
169,David Nwaba,CHI,25,70,26,44,23.5,87.7,12.3,66.3,1.1,9.7,22,24,18.7,65.2,52.2,47.8,94.4,5.6,55.9,44.1
169,JJ Redick,PHI,34,70,45,25,30.2,47.7,52.3,35.2,24.4,48.3,12.7,16.4,15.2,10.9,76.8,23.2,90.2,9.8,83.2,16.8
169,Draymond Green,GSW,28,70,48,22,32.7,58.6,41.4,52.8,4.1,29.9,19,17.3,15.9,48.6,71.6,28.4,90.9,9.1,76.9,23.1
169,Quincy Acy,BKN,27,70,26,44,19.4,20,80,13.6,3.4,74.5,5.1,11.9,14.1,10.2,85.7,14.3,99,1,96.2,3.8
169,Norman Powell,TOR,25,70,51,19,15.2,50.3,49.7,50.4,5.7,41.3,18.7,8.3,20.8,44.7,41.2,58.8,92.5,7.5,59.3,40.7
169,Jeff Teague,MIN,30,70,41,29,33,71.3,28.7,54.3,9.7,25.4,9.6,20.3,16.8,44.7,10.4,89.6,56,44,21.2,78.8
169,Jaylen Brown,BOS,21,70,47,23,30.7,61.9,38.1,49.6,6.7,35.7,13.8,14.7,20.2,42.9,53.6,46.4,96.7,3.3,67.6,32.4
169,CJ Miles,TOR,31,70,50,20,19.1,24.2,75.8,18,3.4,70.4,7.2,11.6,14.2,14.6,63.5,36.5,93.3,6.7,85,15
178,Stanley Johnson,DET,22,69,33,36,27.4,58.2,41.8,47.7,13,33.6,19.2,18.7,16,34.7,37.1,62.9,97,3,56.2,43.8
178,Dennis Smith Jr.,DAL,20,69,22,47,29.7,66.9,33.1,56.9,12.2,30.3,17.9,12.8,17.8,44.7,19.1,80.9,58.5,41.5,29.5,70.5
178,Alex Len,PHX,25,69,20,49,20.2,99.2,0.8,72.6,3.1,0.5,2.9,26.9,12.3,69.5,67.6,32.4,100,0,67.8,32.2
178,Bam Adebayo,MIA,20,69,34,35,19.8,97.9,2.1,73,4.6,0,7.8,27,12.2,68.3,70.1,29.9,0,0,70.1,29.9
178,Jonathon Simmons,ORL,28,69,21,48,29.4,73.2,26.8,59.3,11.9,21.5,13.6,19.2,14.8,47.4,35.1,64.9,85.5,14.5,44.9,55.1
178,J.J. Barea,DAL,34,69,23,46,23.2,54.6,45.4,46.9,9.5,43.1,12.1,10,18.4,37.5,15.4,84.6,62.6,37.4,33.3,66.7
178,Darren Collison,IND,30,69,39,30,29.3,67.9,32.1,51.5,25,33.7,21.5,14.9,21.3,26.4,29.5,70.5,80.2,19.8,44.9,55.1
178,Ersan Ilyasova,PHI,31,69,36,33,25.1,58.7,41.3,49.6,11.7,36.4,8,14,14.5,37.9,75.3,24.7,96.7,3.3,82.3,17.7
178,Al-Farouq Aminu,POR,27,69,40,29,30,41.8,58.2,32.6,1.9,58.2,8.5,9.2,17.1,30.7,48.6,51.4,96,4,74.3,25.7
178,Royce O'Neale,UTA,25,69,43,26,16.7,58.5,41.5,45.5,4.1,36.7,20.7,17.8,21.3,41.4,50,50,85.7,14.3,62.5,37.5
178,Zaza Pachulia,GSW,34,69,47,22,14.1,99.6,0.4,79.9,7.5,0,12.6,20.1,9.7,72.4,81.9,18.1,0,0,81.9,18.1
178,Eric Gordon,HOU,29,69,55,14,31.2,37.3,62.7,31.7,1.9,52.6,10.8,15.7,11.9,29.8,38.6,61.4,84.9,15.1,62.9,37.1
178,Josh Huestis,OKC,26,69,43,26,14.2,36.8,63.2,34,2.5,62.3,11.9,3.8,18.2,31.4,55.6,44.4,100,0,80,20
178,Delon Wright,TOR,26,69,49,20,20.8,64.6,35.4,52.3,2.2,30.3,20.4,17.5,21.6,50.1,24.8,75.2,78.6,21.4,39.8,60.2
178,Shelvin Mack,ORL,28,69,21,48,19.8,66.4,33.6,55,8,30.4,14.4,14.6,17.3,46.9,32.3,67.7,68.8,31.3,42.1,57.9
193,Kevin Durant,GSW,29,68,49,19,34.2,66.2,33.8,51,21.7,29,16.3,20,14.2,29.4,48.8,51.2,68.8,31.2,54.3,45.7
193,Trevor Booker,IND,30,68,36,32,17,90.4,9.6,79,5.6,5.6,11.4,15.4,17.1,73.4,59.8,40.2,100,0,61.6,38.4
193,Lauri Markkanen,CHI,21,68,23,45,29.7,53.5,46.5,44.3,10.1,42.1,10,13.6,13.9,34.3,64.2,35.8,96.6,3.4,76.7,23.3
193,Justise Winslow,MIA,22,68,33,35,24.7,73.6,26.4,59.7,4.9,27.8,10,12.5,17.6,54.8,46.8,53.2,100,0,59.4,40.6
193,Justin Jackson,SAC,23,68,21,47,22.2,55.8,44.2,56.5,16.8,37.7,15.2,5.7,15.5,39.7,71.1,28.9,100,0,80,20
193,Rondae Hollis-Jefferson,BKN,23,68,26,42,28.2,92.5,7.5,69.6,16.9,4.1,12.7,26.3,10.1,52.6,55.3,44.7,100,0,57,43
199,Trevor Ariza,HOU,32,67,51,16,33.9,29,71,25.1,0.3,65.2,23.8,9.7,21.5,24.8,59.2,40.8,95.3,4.7,82.1,17.9
199,Eric Moreland,DET,26,67,32,35,12,100,0,92.3,2.8,0,10.5,7.7,8.4,89.5,71.2,28.8,0,0,71.2,28.8
199,Dwyane Wade,MIA,36,67,37,30,22.9,83.7,16.3,69.8,18.6,12.5,10.2,17.6,13.7,51.2,40.1,59.9,53.1,46.9,41.5,58.5
199,Isaiah Taylor,ATL,23,67,18,49,17.4,79.5,20.5,64.3,4.9,13.5,16.4,22.2,16,59.3,26.6,73.4,75,25,32.5,67.5
199,Gary Harris,DEN,23,67,37,30,34.4,56.6,43.4,48.5,10.1,40,17.7,11.5,19.1,38.5,57.7,42.3,89.1,10.9,68.9,31.1
199,George Hill,CLE,32,67,28,39,27,60,40,45.3,12.6,38.2,12.4,16.5,12.7,32.7,31.8,68.2,75.3,24.7,47.5,52.5
199,Dennis Schroder,ATL,24,67,21,46,31,77.1,22.9,65.2,23.8,17.5,7.9,17.3,19,41.4,19.3,80.7,56.6,43.4,25,75
199,Nemanja Bjelica,MIN,30,67,38,29,20.5,50.7,49.3,41.9,0.9,50.2,10.4,7.9,15.6,41,60,40,93.4,6.6,74.9,25.1
207,Ryan Anderson,HOU,30,66,52,14,26.1,29.4,70.6,24.6,8.4,63.7,7.5,11.7,16.9,16.2,34.2,65.8,99.2,0.8,75.4,24.6
207,Tyler Zeller,MIL,28,66,27,39,16.8,91.6,8.4,80.3,3.2,6.8,6.1,12.9,11.8,77.1,75.7,24.3,100,0,77,23
207,Mario Chalmers,MEM,32,66,21,45,21.5,56.9,43.1,45.4,9.9,31.4,12,23.3,20.7,35.5,27.8,72.2,83,17,45.2,54.8
207,Zach Collins,POR,20,66,41,25,15.8,60.9,39.1,54.8,10.3,36,4.5,9.2,8.9,44.5,65,35,97.1,2.9,74.8,25.2
207,Larry Nance Jr.,CLE,25,66,32,34,21.5,97.1,2.9,83.1,11.9,1,12.6,15.9,18.3,71.2,74.4,25.6,100,0,74.6,25.4
207,Kevon Looney,GSW,22,66,45,21,13.8,97.4,2.6,83.1,6.7,1.1,8.2,15.7,14.2,76.4,68.5,31.5,100,0,68.8,31.3
213,TJ Warren,PHX,24,65,18,47,33,91.5,8.5,80.1,19.5,4.7,24,15.2,17.8,60.6,61.7,38.3,100,0,63.1,36.9
213,JaVale McGee,GSW,30,65,45,20,9.5,97.3,2.7,87.7,7.7,0,14.5,12.3,15.8,80,82.4,17.6,0,0,82.4,17.6
213,Garrett Temple,SAC,32,65,23,42,24.8,52.3,47.7,40.2,19,48.8,11.3,11,18.1,21.2,42.7,57.3,88.8,11.2,63.3,36.7
213,Rajon Rondo,NOP,32,65,41,24,26.2,69.6,30.4,67.4,7.8,27.9,18.1,4.7,13.8,59.6,21.5,78.5,70,30,32,68
213,Manu Ginobili,SAS,40,65,39,26,20,58.5,41.5,47.6,6.9,33.3,7.6,19.1,17,40.6,42.3,57.7,79.7,20.3,54.2,45.8
213,Kent Bazemore,ATL,28,65,19,46,27.5,59.5,40.5,42.1,12,38.8,15.3,19.1,23.7,30.1,47.2,52.8,83.3,16.7,60.9,39.1
213,Myles Turner,IND,22,65,39,26,28.2,75.4,24.6,60.4,27.3,20.3,4.8,19.3,12.4,33.1,73.6,26.4,98.2,1.8,78.1,21.9
220,Emmanuel Mudiay,NYK,22,64,29,35,19.4,71.9,28.1,56.8,14.8,25.5,12.8,17.7,12.3,42,30.6,69.4,78.7,21.3,41.7,58.3
220,Robin Lopez,CHI,30,64,23,41,26.4,97.8,2.2,89.4,15.3,1.6,1.9,9,10.1,74.1,73.1,26.9,75,25,73.1,26.9
220,Nicolas Batum,CHA,29,64,27,37,31,57.8,42.2,48.1,25.4,37.3,6.6,14.6,14.7,22.7,38.8,61.2,84.8,15.2,54.4,45.6
220,Alec Burks,UTA,26,64,37,27,16.5,65.7,34.3,49.8,11.3,28.5,11.1,21.7,19.2,38.5,43.1,56.9,66,34,49.4,50.6
220,Brandon Paul,SAS,27,64,38,26,9,57.5,42.5,54.4,4.1,30.6,19,15,26.5,50.3,70,30,93.3,6.7,76.4,23.6
220,Andre Iguodala,GSW,34,64,46,18,25.4,63.4,36.6,59.9,11.5,25.8,24.2,14.3,19.3,48.4,59.1,40.9,84.8,15.2,64.9,35.1
226,Wesley Matthews,DAL,31,63,20,43,33.8,42.3,57.7,32.4,10,57.2,10.1,10.3,13.1,22.4,39.2,60.8,88.2,11.8,65.7,34.3
226,Treveon Graham,CHA,24,63,28,35,16.7,56.1,43.9,41,8.8,44,13.9,15,20.5,32.2,60.7,39.3,97.5,2.5,76,24
226,Ekpe Udoh,UTA,31,63,36,27,12.9,99.2,0.8,74.1,1.2,0,8,25.9,17.9,72.8,68.3,31.7,0,0,68.3,31.7
226,Elfrid Payton,PHX,24,63,13,50,28.7,86.2,13.8,75,7.5,11.3,19.1,13.7,13.7,67.5,20.7,79.3,83.3,16.7,26.4,73.6
226,Malik Monk,CHA,20,63,26,37,13.6,42.8,57.2,33.3,11.9,59.1,10.5,7.6,17.3,21.4,38.6,61.4,62.7,37.3,51.6,48.4
226,Josh Hart,LAL,23,63,27,36,23.2,47.5,52.5,39.5,3.6,47.2,28.8,13.3,21.4,35.9,63.3,36.7,93.6,6.4,76.7,23.3
226,Joel Embiid,PHI,24,63,41,22,30.3,79.7,20.3,61.5,17.9,13.7,2.6,24.8,10.7,43.6,43.9,56.1,92.4,7.6,50.2,49.8
226,Daniel Theis,BOS,26,63,44,19,14.9,75.1,24.9,65.3,10.9,16.3,3,18.4,8.5,54.4,75.9,24.1,100,0,79.4,20.6
234,Wes Iwundu,ORL,23,62,18,44,16.5,78.9,21.1,73.4,12.2,11.8,20.1,14.8,19.7,61.1,56,44,100,0,60.2,39.8
234,Malik Beasley,DEN,21,62,34,28,9.4,53.9,46.1,45.9,9.2,42.9,17.3,11.2,25,36.7,71.1,28.9,92.9,7.1,79.5,20.5
234,Reggie Bullock,DET,27,62,32,30,27.9,48.5,51.5,40.7,10,53.7,13,5.6,17.2,30.7,81.7,18.3,96.8,3.2,88.8,11.2
234,Deyonta Davis,MEM,21,62,16,46,15.2,100,0,89.4,16.7,0,12.8,10.6,13.9,72.8,77,23,0,0,77,23
234,Dewayne Dedmon,ATL,28,62,18,44,24.9,70.4,29.6,64.8,13.6,24.3,7,10.9,15.2,51.2,80,20,100,0,84,16
234,Jarrett Jack,NYK,34,62,26,36,25,80.6,19.4,70.4,30.5,16.1,8.4,13.5,10.1,39.9,19.5,80.5,60,40,24.9,75.1
240,Luc Mbah a Moute,HOU,31,61,52,9,25.6,49.9,50.1,44.8,0,41.1,18,14.1,15.7,44.8,77.7,22.3,98.4,1.6,85.5,14.5
240,Terrance Ferguson,OKC,20,61,37,24,12.5,29,71,31.7,9.5,63.5,25.9,4.8,19,22.2,76.7,23.3,100,0,90,10
240,Austin Rivers,LAC,25,61,30,31,33.7,55.3,44.7,44.6,2,44.3,6.3,11.1,12.9,42.6,21.5,78.5,51.5,48.5,33.4,66.6
240,Salah Mejri,DAL,32,61,21,40,11.9,97.8,2.2,82.2,0.9,0,10.3,17.8,13.6,81.3,69.3,30.7,0,0,69.3,30.7
240,Cedi Osman,CLE,23,61,35,26,11,53.2,46.8,48.7,12.6,40.3,18.1,10.9,16,36.1,51.7,48.3,93.8,6.3,66.7,33.3
245,Rodney Hood,CLE,25,60,29,31,26.9,55.7,44.3,44.2,15.6,43.2,9.1,12.6,15,28.6,36.9,63.1,73.2,26.8,51.2,48.8
245,Kyrie Irving,BOS,26,60,41,19,32.2,62.6,37.4,50.2,15.3,34,8.5,15.8,9.8,34.9,26.4,73.6,53,47,34.6,65.4
245,Skal Labissiere,SAC,22,60,19,41,20.7,88.9,11.1,71.5,14.1,10.3,4.6,18.2,10.7,57.4,55.6,44.4,100,0,59.5,40.5
248,Maurice Harkless,POR,25,59,36,23,21.4,60.3,39.7,50.9,2.1,38.2,12.2,10.9,18.7,48.8,60.2,39.8,98,2,72.8,27.2
248,Kevin Love,CLE,29,59,37,22,28,54.7,45.3,37.9,8.9,39.6,5.7,22.5,12.5,29.1,64.5,35.5,97.8,2.2,78.1,21.9
248,Brandon Ingram,LAL,20,59,27,32,33.5,86.2,13.8,66.8,19.2,13,15.3,20.2,14.6,47.6,36.3,63.7,95.1,4.9,43,57
248,Jimmy Butler,MIN,28,59,37,22,36.7,78.3,21.7,56.2,17.4,16.1,11.6,27.8,17.8,38.7,33.2,66.8,75.7,24.3,40,60
248,Zach Randolph,SAC,36,59,18,41,25.6,80.7,19.3,72.3,20.1,17.9,2.6,9.8,10.7,52.3,40.3,59.7,96.1,3.9,48.2,51.8
248,Tim Frazier,WAS,27,59,31,28,14.2,67.4,32.6,58,22.7,29,11.9,13.1,20.5,35.2,43.1,56.9,58.8,41.2,47.1,52.9
254,Vince Carter,SAC,41,58,20,38,17.7,41.7,58.3,36.4,13.4,54.6,7.7,8.9,15,23,47.4,52.6,98.2,1.8,72.8,27.2
254,Blake Griffin,DET,29,58,28,30,34,67.7,32.3,52.3,7.9,26.8,5.8,20.9,14.9,44.4,37.8,62.2,69.4,30.6,45.9,54.1
254,Aaron Gordon,ORL,22,58,19,39,32.9,60.5,39.5,50.9,10.2,33.8,14.3,15.4,15.3,40.7,48.8,51.2,83.5,16.5,59.5,40.5
254,Chris Paul,HOU,33,58,50,8,31.8,52.5,47.5,41.3,17.8,40,9.5,18.8,14.8,23.5,8.1,91.9,24.3,75.7,14.4,85.6
254,Langston Galloway,DET,26,58,28,30,14.9,35.9,64.1,28.3,12.8,62.5,5,9.2,20.3,15.6,45.1,54.9,92,8,73,27
254,DeAndre Liggins,NOP,30,58,34,24,12.5,50,50,41.6,17.8,56.4,17.8,2,14.9,23.8,42.9,57.1,94.7,5.3,67.5,32.5
260,Jose Calderon,CLE,36,57,33,24,16,47.6,52.4,37.6,14.9,52.9,10.2,9.4,13.3,22.7,22.9,77.1,82.2,17.8,51.6,48.4
260,Jordan Bell,GSW,23,57,43,14,14.2,97.8,2.2,88.5,7.6,0,17.9,11.5,18.3,80.9,73.3,26.7,0,0,73.3,26.7
260,Tim Hardaway Jr.,NYK,26,57,19,38,33.1,52.1,47.9,46.2,12.9,39.2,13.5,14.7,19,33.3,50.4,49.6,79.2,20.8,60.8,39.2
260,Patrick McCaw,GSW,22,57,41,16,16.9,64.4,35.6,63.8,8.7,24.9,14.8,11.4,23.1,55,69.9,30.1,100,0,76.1,23.9
260,Rudy Gay,SAS,31,57,36,21,21.6,78,22,66,17.4,16.9,9.8,17.1,14.7,48.5,40.3,59.7,86.5,13.5,47,53
260,Evan Fournier,ORL,25,57,20,37,32.2,58.2,41.8,47.6,11.5,37.6,11.1,14.8,16.3,36.1,57.3,42.7,84.3,15.7,66.6,33.4
260,Nikola Vucevic,ORL,27,57,17,40,29.5,75.7,24.3,71.4,19.4,20.4,7.7,8.2,14.1,52,67.2,32.8,100,0,72.4,27.6
267,Rudy Gobert,UTA,26,56,37,19,32.4,100,0,73,1.3,0,4.9,27,13.2,71.7,77.2,22.8,0,0,77.2,22.8
267,Tyler Dorsey,ATL,22,56,15,41,17.4,47.9,52.1,35.6,12.3,53.3,10.1,11.1,13.1,23.2,44.4,55.6,81.9,18.1,63.2,36.8
267,Ben McLemore,MEM,25,56,7,49,19.5,57.4,42.6,48.3,12.3,39.1,17.8,12.6,21.1,36,70.6,29.4,96.4,3.6,79.6,20.4
267,Andrew Harrison,MEM,23,56,17,39,23.7,66.9,33.1,50.3,13.5,26.5,12.8,23.3,15,36.8,13.4,86.6,74.5,25.5,29.3,70.7
271,Tony Parker,SAS,36,55,32,23,19.5,90.5,9.5,79.8,26.1,7.1,14.7,13.1,14.5,53.7,28.6,71.4,90,10,32,68
271,Nikola Mirotic,NOP,27,55,34,21,27.2,47.7,52.3,39.8,10.7,47.1,14.6,13,12,29.1,64.3,35.7,88.9,11.1,75.2,24.8
271,Cristiano Felicio,CHI,25,55,13,42,17.8,99.1,0.9,82.5,7.1,0,9.1,17.5,17.5,75.3,75.6,24.4,0,0,75.6,24.4
271,Joe Johnson,HOU,37,55,35,20,21.9,59.7,40.3,57,22.6,32.3,3.8,10.8,13.7,34.4,22.6,77.4,97.5,2.5,43.2,56.8
271,Joffrey Lauvergne,SAS,26,55,30,25,9.7,97.4,2.6,86.7,3.5,0,3.5,13.3,14.6,83.2,64.3,35.7,0,0,64.3,35.7
271,JaMychal Green,MEM,28,55,11,44,28,74,26,63.3,12,22.7,12,14.1,16.5,51.3,58.3,41.7,97.7,2.3,65.9,34.1
271,Miles Plumlee,ATL,29,55,19,36,16.7,100,0,88.6,1.7,0,6.3,11.4,16.5,86.9,78.1,21.9,0,0,78.1,21.9
278,Tyler Ennis,LAL,23,54,22,32,12.7,75,25,71.4,11.6,18.8,16.5,9.8,14.7,59.8,32.5,67.5,71.4,28.6,38.3,61.7
278,Sterling Brown,MIL,23,54,26,28,14.4,55.6,44.4,46.1,11.1,44.2,18,9.7,21.2,35,58,42,93.8,6.3,72,28
278,Devin Booker,PHX,21,54,16,38,34.5,63.6,36.4,45.8,18.9,32.8,13.7,21.5,10.3,26.9,33.8,66.2,61.2,38.8,42.6,57.4
278,Malcolm Delaney,ATL,29,54,16,38,18.8,56.5,43.5,37.3,18.9,40.8,10.7,21.9,18.3,18.3,39.7,60.3,73.9,26.1,54.1,45.9
278,Marcus Morris,BOS,28,54,34,20,26.7,61.7,38.3,48,22.1,35.1,6.3,16.9,14,25.9,48.3,51.7,91.9,8.1,62.6,37.4
278,Hassan Whiteside,MIA,29,54,30,24,25.3,99.7,0.3,82.2,9.3,0.8,1.3,17,14.5,72.9,58.7,41.3,100,0,59,41
278,Noah Vonleh,CHI,22,54,24,30,16.2,71.8,28.2,63.6,11.4,22.7,2.3,13.6,10.6,52.3,48.8,51.2,95,5,57.7,42.3
278,Shane Larkin,BOS,25,54,39,15,14.3,60.7,39.3,45.9,13,40.3,14.3,13.9,23.4,32.9,26.4,73.6,77.4,22.6,45.2,54.8
278,Paul Zipser,CHI,24,54,17,37,15.3,53,47,40.4,11,50.9,9.2,8.7,12.4,29.4,59.1,40.9,97.3,2.7,76.5,23.5
278,Marcus Smart,BOS,24,54,38,16,29.9,51.7,48.3,41.5,9.1,40.9,4.9,17.6,14.2,32.4,33.3,66.7,76,24,50.3,49.7
288,Joe Young,IND,26,53,28,25,10.5,64.5,35.5,53.1,22.2,36.2,9.7,10.6,13.5,30.9,27.3,72.7,84,16,45,55
288,Mike Muscala,ATL,26,53,14,39,20,46.5,53.5,40,5.9,45.9,6.7,14.1,12.3,34.1,65.4,34.6,100,0,80.4,19.6
288,Tristan Thompson,CLE,27,53,27,26,20.2,100,0,86,3.3,0,10.1,14,8.1,82.7,71.2,28.8,0,0,71.2,28.8
288,Arron Afflalo,ORL,32,53,16,37,12.9,56.8,43.2,42.5,20.1,45.3,7.8,12.3,18.4,22.3,63.2,36.8,92.6,7.4,75.4,24.6
288,Omri Casspi,GSW,30,53,40,13,14,89.4,10.6,73.3,5.3,10,18.3,16.7,23.3,68,79.1,20.9,100,0,80.8,19.2
288,Channing Frye,LAL,35,53,28,25,13.1,45.8,54.2,49.2,15.9,44.3,1.9,6.4,12.1,33.3,75.4,24.6,100,0,84.6,15.4
288,TJ Leaf,IND,21,53,31,22,8.7,69.1,30.9,59,9,34.6,8.3,6.4,17.9,50,50,50,100,0,64.1,35.9
288,Dwayne Bacon,CHA,22,53,25,28,13.5,77.6,22.4,69.7,32,18.9,8,11.4,17.7,37.7,52.5,47.5,100,0,59.7,40.3
296,Marreese Speights,ORL,30,52,15,37,13,33.2,66.8,25.9,9,64.2,6.2,10,10,16.9,61.5,38.5,97.7,2.3,84.1,15.9
296,Tyreke Evans,MEM,28,52,19,33,30.9,64.6,35.4,49.9,6.7,33.9,16.2,16.2,15.4,43.2,22.6,77.4,48.2,51.8,30.6,69.4
296,Lonzo Ball,LAL,20,52,24,28,34.2,47.7,52.3,42.8,4.9,51.1,13.6,6.1,17.6,37.9,31.9,68.1,74.4,25.6,50.7,49.3
296,Kris Dunn,CHI,24,52,19,33,29.3,79.9,20.1,69.5,24.3,18.5,11.2,12,16.2,45.2,17.3,82.7,62.8,37.2,24.1,75.9
296,Nene,HOU,35,52,42,10,14.6,99.2,0.8,80,9.4,0,5.6,20,11.2,70.6,78.7,21.3,0,0,78.7,21.3
296,Timothe Luwawu-Cabarrot,PHI,23,52,29,23,15.5,40.8,59.2,31.4,2.7,53.2,13.7,15.4,13.7,28.8,85.1,14.9,96.2,3.8,91,9
296,Cheick Diallo,NOP,21,52,29,23,11.2,100,0,80.3,13.4,0,9.8,19.7,14.2,66.9,82.4,17.6,0,0,82.4,17.6
296,Frank Mason,SAC,24,52,17,35,18.9,77.4,22.6,54.7,16,22.5,15.3,22.8,16.2,38.7,25.7,74.3,48.4,51.6,30.6,69.4
296,Michael Carter-Williams,CHA,26,52,23,29,16.1,74.2,25.8,51.9,6.7,17.6,7.5,30.5,14.6,45.2,33.9,66.1,85.7,14.3,43.4,56.6
296,Sean Kilpatrick,CHI,28,52,22,30,12.3,51,49,38.8,7.9,41.8,15.8,19.4,14.2,30.9,46.9,53.1,76.1,23.9,59.1,40.9
306,Tarik Black,HOU,26,51,40,11,10.5,91.3,8.7,82.2,0,1.7,1.1,16.1,14.4,82.2,82.4,17.6,100,0,82.7,17.3
306,Greg Monroe,BOS,28,51,21,30,20.4,100,0,83.2,4.6,0,2.5,16.8,15.1,78.6,51.4,48.6,0,0,51.4,48.6
306,Stephen Curry,GSW,30,51,41,10,32,42,58,32.1,11.6,47.3,16.4,20.7,16.3,20.5,41.7,58.3,61.8,38.2,51.6,48.4
306,Jason Terry,MIL,40,51,27,24,16,25.3,74.7,22.9,10.8,72.3,21.7,4.8,21.1,12,57.9,42.1,97.5,2.5,84.7,15.3
310,Jameer Nelson,DET,36,50,25,25,20.3,49.2,50.8,43.7,18.6,49.8,7.7,6.5,14.6,25.1,38.9,61.1,63.4,36.6,49.5,50.5
310,Luke Babbitt,MIA,29,50,15,35,14.3,27.4,72.6,23.9,13.1,69.5,6.6,6.6,19.3,10.8,54.8,45.2,98.3,1.7,83.5,16.5
312,Lucas Nogueira,TOR,25,49,36,13,8.5,76.3,23.8,72.1,0,12.3,6.6,15.6,27.9,72.1,81.8,18.2,100,0,83.7,16.3
313,Jared Dudley,PHX,32,48,7,41,14.3,34.4,65.6,25,5.3,57.2,5.9,17.8,16.4,19.7,78.9,21.1,100,0,91.7,8.3
313,Jawun Evans,LAC,21,48,24,24,16.2,78.7,21.3,64.1,17.3,19.5,14.7,16.5,19.5,46.8,39.2,60.8,73.3,26.7,44.9,55.1
313,Richaun Holmes,PHI,24,48,30,18,15.5,87.1,12.9,84.2,3.9,3.9,10,11.9,15.8,80.4,77.1,22.9,100,0,77.8,22.2
313,Kristaps Porzingis,NYK,22,48,22,26,32.4,74.4,25.6,55.1,24.1,24.8,5.1,20,12.7,31.1,64.7,35.3,98.9,1.1,72.6,27.4
313,D'Angelo Russell,BKN,22,48,16,32,25.7,58.6,41.4,50.6,15.1,36.3,9.3,13.1,10.9,35.5,14.4,85.6,64.4,35.6,30.6,69.4
313,Abdel Nader,BOS,24,48,33,15,10.9,56.4,43.6,37,2.7,47.3,11.6,15.8,20.5,34.2,33.3,66.7,95.7,4.3,62,38
313,Willy Hernangomez,CHA,24,48,20,28,10.3,92.7,7.3,69.9,2.4,6.1,2.8,24,13.4,67.5,67.4,32.6,100,0,69.2,30.8
313,DeMarcus Cousins,NOP,27,48,27,21,36.2,66,34,49.9,5,25.8,7.4,24.3,13.7,45,41.1,58.9,94.2,5.8,54.7,45.3
313,Malcolm Brogdon,MIL,25,48,25,23,29.9,68,32,58.2,9.3,29.8,13,12,14.7,49,39.6,60.4,72.6,27.4,48,52
322,Tyson Chandler,PHX,35,46,15,31,25,100,0,80.7,0.7,0,10.3,19.3,11,80,66.9,33.1,0,0,66.9,33.1
322,Avery Bradley,LAC,27,46,22,24,31.2,67.5,32.5,56.1,20.1,34.3,12.8,9.6,19.5,36,68.5,31.5,92,8,75.3,24.7
324,Reggie Jackson,DET,28,45,27,18,26.7,70.7,29.3,59.1,17.4,23.8,7,17.1,16,41.8,8.8,91.2,57.7,42.3,19.1,80.9
324,Milos Teodosic,LAC,31,45,29,16,25.2,35.6,64.4,29.4,16.3,61.5,5.8,9.1,9.1,13.1,30.2,69.8,70.5,29.5,53.6,46.4
326,Damyean Dotson,NYK,24,44,11,33,10.8,57.8,42.2,54.9,23.1,36.3,13.2,8.8,13.7,31.9,64,36,100,0,75,25
327,Ivica Zubac,LAL,21,43,19,24,9.5,99.2,0.8,75.8,2.5,0,11.8,24.2,8.7,73.3,65.6,34.4,0,0,65.6,34.4
327,Shabazz Muhammad,MIL,25,43,25,18,9.7,85.6,14.4,72,6.5,9.8,20.6,18.2,16.8,65.4,54.5,45.5,85.7,14.3,57.1,42.9
329,Khem Birch,ORL,25,42,14,28,13.8,100,0,76.4,3.4,0,3.9,23.6,9,73,70.6,29.4,0,0,70.6,29.4
329,Willie Reed,DET,28,42,20,22,10.2,98.3,1.7,82.1,5.1,1.5,4.1,16.4,15.4,76.9,70,30,0,100,69.1,30.9
329,Marcus Georges-Hunt,MIN,24,42,24,18,5.3,68.8,31.3,57.6,6.8,20.3,25.4,22,22,50.8,41.2,58.8,75,25,47.6,52.4
332,Raul Neto,UTA,26,41,28,13,12.2,68.9,31.1,54.6,4.4,31.1,9.8,14.2,20.2,50.3,30,70,94.7,5.3,47.8,52.2
332,Nik Stauskas,BKN,24,41,14,27,12.8,35.1,64.9,22.1,4.4,66.3,8.3,11.6,12.2,17.7,45,55,77.5,22.5,66.7,33.3
332,John Wall,WAS,27,41,23,18,34.4,75,25,54.7,14.8,23.3,17.7,22,18.9,39.9,10.1,89.9,64.5,35.5,22.1,77.9
332,Gerald Green,HOU,32,41,33,8,22.7,27.8,72.2,23.3,7.2,66.4,12.9,10.3,15.3,16.1,50,50,77.3,22.7,67.9,32.1
336,Andre Roberson,OKC,26,39,24,15,26.6,77.8,22.2,81.4,0,12.4,22.2,6.2,23.2,81.4,75.9,24.1,100,0,78.2,21.8
336,Boban Marjanovic,LAC,29,39,18,21,8.7,100,0,67.2,2.6,0,3.4,32.8,8.9,64.7,62,38,0,0,62,38
336,Torrey Craig,DEN,27,39,22,17,16.1,57.7,42.3,55.2,6.1,31.3,9.2,13.5,9.8,49.1,64.4,35.6,100,0,74.2,25.8
336,Tyler Cavanaugh,ATL,24,39,11,28,13.3,41.4,58.6,38.3,6.6,52.5,7.1,9.3,9.3,31.7,68.6,31.4,100,0,83.6,16.4
336,Jerryd Bayless,PHI,29,39,21,18,23.7,44.3,55.7,35.8,7.2,52.8,10.4,11.4,12.4,28.7,72.7,27.3,96.3,3.7,84.4,15.6
341,Thabo Sefolosha,UTA,34,38,16,22,21.2,65,35,55.1,9,30.8,16.3,14.1,26,46.2,64,36,90.6,9.4,71.2,28.8
341,Paul Millsap,DEN,33,38,22,16,30.1,74,26,58.7,9.7,21.1,6.5,20.2,13.3,49,49.1,50.9,94.9,5.1,57.9,42.1
341,C.J. Williams,LAC,28,38,17,21,18.6,60.4,39.6,62.2,16.3,31.6,15.3,6.2,12.4,45.9,67.7,32.3,77.3,22.7,70.1,29.9
341,Henry Ellenson,DET,21,38,21,17,8.7,58.9,41.1,43.7,6.6,39.7,11.3,16.6,17.9,37.1,45.5,54.5,100,0,66,34
341,Justin Anderson,PHI,24,38,27,11,13.7,49,51,44.9,5.1,43.2,14.8,11.9,16.1,39.8,67.9,32.1,94.1,5.9,78.2,21.8
341,Matthew Dellavedova,MIL,27,38,21,17,18.7,48.7,51.3,31.7,6.1,53,7.3,15.2,11.6,25.6,26.9,73.1,89.7,10.3,60,40
347,Alex Caruso,LAL,24,37,16,21,15.2,62.9,37.1,55.2,6,29.1,20.1,15.7,16.4,49.3,51.4,48.6,61.5,38.5,54,46
348,Johnny O'Bryant III,CHA,25,36,15,21,10.5,74.9,25.1,63.2,25.7,24.6,4.7,12.3,14.6,37.4,57.4,42.6,92.9,7.1,64.7,35.3
348,Trey Burke,NYK,25,36,10,26,21.8,72.7,27.3,67.2,38.6,24.7,9.3,8,12.8,28.6,22.6,77.4,78.9,21.1,33.7,66.3
348,Al Jefferson,IND,33,36,17,19,13.4,98.6,1.4,88.1,26.2,0,1.6,11.9,13.1,61.9,59.5,40.5,0,0,59.5,40.5
348,Chandler Parsons,MEM,29,36,12,24,19.2,48.3,51.7,40.1,12,53.9,9.9,6,15.5,28.2,36.8,63.2,82.4,17.6,58.3,41.7
348,Ivan Rabb,MEM,21,36,6,30,14.3,100,0,85.6,25.9,0,7,14.4,13.9,59.7,68.6,31.4,0,0,68.6,31.4
348,Mike James,NOP,27,36,11,25,19.1,69.5,30.5,57.7,10.7,23.2,9.5,19,20.5,47,8.2,91.8,26.9,73.1,12.2,87.8
354,Wayne Selden,MEM,23,35,10,25,19.8,54.6,45.4,41.2,10.5,45.2,18.2,13.5,16.6,30.8,40.3,59.7,85.7,14.3,59.5,40.5
355,Jake Layman,POR,24,34,21,13,4.7,57.4,42.6,58.8,17.6,35.3,20.6,5.9,38.2,41.2,60,40,100,0,71.4,28.6
356,Meyers Leonard,POR,26,33,17,16,7.7,66.7,33.3,62.5,19.6,29.5,3.6,8,8.9,42.9,77.1,22.9,100,0,82.6,17.4
356,Jason Smith,WAS,32,33,15,18,8.6,72.2,27.8,72.6,35.4,10.6,3.5,16.8,11.5,37.2,85.4,14.6,100,0,86.7,13.3
356,Quinn Cook,GSW,25,33,21,12,22.4,58.7,41.3,48.7,20.5,44.2,21.8,7.1,20.8,28.2,40.8,59.2,76.1,23.9,54.1,45.9
356,Guerschon Yabusele,BOS,22,33,24,9,7.1,39.3,60.7,35.4,7.6,45.6,6.3,19,6.3,27.8,78.6,21.4,100,0,88.5,11.5
356,Cody Zeller,CHA,25,33,14,19,19,98.1,1.9,71.2,8.6,2.6,5.2,26.2,17.6,62.7,79.5,20.5,100,0,80,20
361,Kobi Simmons,MEM,20,32,6,26,20.1,79.4,20.6,70.4,10.2,16.8,21.9,12.8,23.5,60.2,43.5,56.5,81.8,18.2,48.8,51.3
361,Ante Zizic,CLE,21,32,21,11,6.7,100,0,82.4,1.7,0,0,17.6,11.8,80.7,63.3,36.7,0,0,63.3,36.7
361,Aaron Brooks,MIN,33,32,19,13,5.9,55.1,44.9,45.3,21.3,44,2.7,10.7,10.7,24,11.8,88.2,81.8,18.2,39.3,60.7
361,Isaiah Thomas,LAL,29,32,15,17,26.9,55.3,44.7,42,13.6,34,17.3,24.1,15.2,28.4,27.5,72.5,54.5,45.5,36.9,63.1
361,Kenneth Faried,DEN,28,32,16,16,14.4,99.3,0.7,80.9,5.3,0,16.5,19.1,16.5,75.5,69.7,30.3,0,0,69.7,30.3
361,Kyle Collinsworth,DAL,26,32,9,23,15,82.8,17.2,67.3,0,11.9,6.9,20.8,14.9,67.3,29.4,70.6,100,0,36.8,63.2
367,Timofey Mozgov,BKN,31,31,12,19,11.6,80.6,19.4,73.3,1.5,9.2,5.3,17.6,7.6,71.8,77.1,22.9,100,0,78.8,21.2
367,Dakari Johnson,OKC,22,31,21,10,5.2,100,0,80,18.2,0,10.9,20,29.1,61.8,72.7,27.3,0,0,72.7,27.3
367,Jabari Parker,MIL,23,31,16,15,24,75.6,24.4,66,17.9,23.8,14.6,10.2,18.4,48.1,58.1,41.9,96.8,3.2,65.6,34.4
370,Tyrone Wallace,LAC,24,30,17,13,28.4,83.8,16.2,68.7,5.5,10.3,27.5,21,18.6,63.2,58,42,100,0,61.8,38.2
370,Dion Waiters,MIA,26,30,16,14,30.6,58.5,41.5,51.7,13.1,36.4,6.8,11.9,14.7,38.7,17.1,82.9,76.9,23.1,36.2,63.8
370,Nerlens Noel,DAL,24,30,6,24,15.7,99,1,84,3.1,0,1.5,16,19.1,80.9,80,20,0,0,80,20
373,Ron Baker,NYK,25,29,12,17,13.3,44.1,55.9,25.4,2.8,46.5,2.8,28.2,18.3,22.5,55.6,44.4,72.7,27.3,65,35
373,Dwight Buycks,DET,29,29,10,19,14.7,77.3,22.7,62.3,23.3,20.9,12.1,16.7,20,39.1,28.4,71.6,40,60,30.5,69.5
375,Jahlil Okafor,BKN,22,28,7,21,12.6,97.1,2.9,86.4,8,1.7,3.4,11.9,9.1,78.4,48.7,51.3,0,100,48.1,51.9
375,Brandan Wright,HOU,30,28,11,17,13.6,100,0,84.9,4.3,0,15.8,15.1,15.8,80.6,81.4,18.6,0,0,81.4,18.6
375,Rashad Vaughn,ORL,21,28,13,15,7.6,33.9,66.1,28.1,9.4,65.6,7.8,6.3,20.3,18.8,77.8,22.2,100,0,91.3,8.7
375,Ramon Sessions,WAS,32,28,10,18,14,77.8,22.2,50,5.9,17.6,8.1,32.4,17.6,44.1,44.1,55.9,87.5,12.5,52.4,47.6
379,Caleb Swanigan,POR,21,27,16,11,7,86.7,13.3,75.4,6.6,4.9,8.2,19.7,14.8,68.9,69.6,30.4,100,0,70.8,29.2
379,Jonathan Isaac,ORL,20,27,11,16,19.8,68.3,31.7,53.8,8.3,33.1,12.4,13.1,23.4,45.5,66.7,33.3,100,0,76.4,23.6
381,Emeka Okafor,NOP,35,26,16,10,13.6,100,0,84.2,15.8,0,11.4,15.8,14,68.4,79.2,20.8,0,0,79.2,20.8
381,Malachi Richardson,TOR,22,26,8,18,12.4,55.6,44.4,40.4,22.5,40.4,10.1,19.1,24.7,18,61.1,38.9,83.3,16.7,70,30
381,DeAndre' Bembry,ATL,23,26,8,18,17.5,76.6,23.4,61.8,1.5,24.3,20.6,14,22.8,60.3,40.5,59.5,100,0,52.8,47.2
384,Alex Poythress,IND,24,25,10,15,4.2,57.7,42.3,53.8,0,46.2,7.7,0,7.7,53.8,71.4,28.6,100,0,81.8,18.2
384,Derrick Rose,MIN,29,25,15,10,16.8,83.9,16.1,70.8,11.5,10,16.3,19.1,14.8,59.3,40.5,59.5,57.1,42.9,42,58
384,Juancho Hernangomez,DEN,22,25,15,10,11.1,33.3,66.7,36.6,2.4,51.2,15.9,12.2,13.4,34.1,53.3,46.7,92.9,7.1,72.4,27.6
384,Cameron Payne,CHI,23,25,7,18,23.3,57.7,42.3,47.1,9,47.5,19.5,5.4,12.2,38,15.4,84.6,62.9,37.1,34.5,65.5
388,Zach LaVine,CHI,23,24,9,15,27.3,65.4,34.6,46.9,9,31.4,15,21.7,15,37.9,30.9,69.1,47.6,52.4,36,64
388,Terrence Ross,ORL,27,24,10,14,25,51.3,48.7,44,16.3,43.1,9.6,12.9,19.1,27.8,67.4,32.6,86.7,13.3,75,25
388,John Holland,CLE,29,24,17,7,7.3,39,61,22.2,0,61.1,13,16.7,14.8,22.2,50,50,81.8,18.2,70.6,29.4
388,Ryan Arcidiacono,CHI,24,24,6,18,12.7,24.4,75.6,33.3,8.3,56.3,8.3,10.4,31.3,25,50,50,88.9,11.1,70.6,29.4
392,Danuel House,PHX,25,23,6,17,17.5,55,45,53.9,2.6,29.6,26.3,16.4,21.7,51.3,51.2,48.8,86.7,13.3,60.7,39.3
392,Glenn Robinson III,IND,24,23,14,9,14.7,60,40,46.3,12.6,44.2,14.7,9.5,16.8,33.7,63.6,36.4,100,0,77.8,22.2
392,Julyan Stone,CHA,29,23,10,13,7.6,0,100,0,0,94.7,0,5.3,15.8,0,0,0,100,0,100,0
392,Shaquille Harrison,PHX,24,23,3,20,16.7,79,21,69.7,1.3,11.8,28.3,18.4,28.9,68.4,32.1,67.9,100,0,39,61
392,Andrew Bogut,LAL,33,23,7,16,9.4,100,0,94.4,5.6,0,5.6,5.6,11.1,88.9,35.3,64.7,0,0,35.3,64.7
392,Quincy Pondexter,CHI,30,23,6,17,8.5,55.1,44.9,48.9,4.4,20,22.2,31.1,35.6,44.4,63.6,36.4,100,0,71.4,28.6
392,Jordan Mickey,MIA,23,23,15,8,12.4,80.5,19.5,79.6,4.3,6.5,4.3,14,12.9,75.3,64.9,35.1,100,0,66.7,33.3
392,Gary Payton II,LAL,25,23,10,13,9.6,66.2,33.8,69.6,5.8,26.1,11.6,4.3,21.7,63.8,45.8,54.2,100,0,56.7,43.3
400,JaKarr Sampson,SAC,25,22,6,16,15.6,87.7,12.3,75.7,3.9,14.6,3.9,9.7,20.4,71.8,53.8,46.2,100,0,59.1,40.9
400,D.J. Wilson,MIL,22,22,12,10,3.2,68.8,31.3,66.7,0,28.6,19,4.8,23.8,66.7,71.4,28.6,100,0,77.8,22.2
400,Tony Allen,NOP,36,22,12,10,12.4,86.8,13.2,77.7,1.9,11.7,24.3,10.7,19.4,75.7,70,30,100,0,72.7,27.3
403,Cole Aldrich,MIN,29,21,14,7,2.3,100,0,83.3,0,0,0,16.7,0,83.3,80,20,0,0,80,20
403,Danilo Gallinari,LAC,29,21,11,10,32,56.6,43.4,41.1,16.8,33.6,10,25.2,11.8,24.3,60.6,39.4,83.3,16.7,68.6,31.4
403,Troy Williams,NYK,23,21,7,14,14.6,65.1,34.9,60.2,3,24.8,23.3,15,23.3,57.1,60,40,100,0,68.6,31.4
403,Dorian Finney-Smith,DAL,25,21,4,17,21.3,44.6,55.4,42.3,6.5,48.8,8.9,8.9,12.2,35.8,61.5,38.5,95,5,76.1,23.9
403,Davon Reed,PHX,23,21,2,19,11.5,50,50,34.9,9.5,52.4,11.1,12.7,9.5,25.4,45.5,54.5,100,0,72.7,27.3
408,Derrick Jones Jr.,MIA,21,20,9,11,12.3,66,34,59,0,14.8,19.7,26.2,16.4,59,27.8,72.2,100,0,38.1,61.9
408,Isaiah Canaan,PHX,27,20,9,11,21.1,51.8,48.2,34.9,2.3,38.4,14.5,26.7,18,32.6,20,80,59.1,40.9,36.5,63.5
408,Alec Peters,PHX,23,20,2,18,11.2,21.6,78.4,24.4,4.9,65.9,13.4,9.8,7.3,19.5,80,20,100,0,92.9,7.1
408,Myke Henry,MEM,25,20,3,17,18.9,46.8,53.2,41.1,5.6,53.3,11.2,5.6,22.4,35.5,50,50,94.7,5.3,70.7,29.3
408,Luke Kornet,NYK,22,20,6,14,16.3,36.8,63.2,31.3,4.5,62.7,7.5,6,6.7,26.9,81,19,96.4,3.6,89.8,10.2
408,Richard Jefferson,DEN,38,20,10,10,8.2,74.1,25.9,66.7,6.7,20,6.7,13.3,20,60,50,50,50,50,50,50
408,Bobby Brown,HOU,33,20,17,3,5.7,31,69,32,16,66,0,2,24,16,0,100,27.3,72.7,15.8,84.2
415,Antonio Blakeney,CHI,21,19,3,16,16.5,63.6,36.4,50.3,22.5,29.8,28.5,19.9,15.2,27.8,50,50,66.7,33.3,54.7,45.3
415,Darrell Arthur,DEN,30,19,12,7,7.4,51.1,48.9,51.9,29.6,44.4,0,3.7,9.3,22.2,92.9,7.1,100,0,95.5,4.5
415,Damien Wilkins,IND,38,19,10,9,8,53.8,46.2,54.5,6.1,36.4,3,9.1,9.1,48.5,22.2,77.8,75,25,38.5,61.5
415,Chris McCullough,WAS,23,19,11,8,4.7,81,19,73.9,17.4,6.5,15.2,19.6,13,56.5,88.2,11.8,100,0,88.9,11.1
419,Omer Asik,CHI,31,18,7,11,10.1,100,0,81.8,18.2,0,0,18.2,13.6,63.6,100,0,0,0,100,0
419,Zhou Qi,HOU,22,18,14,4,6.9,40.6,59.4,36.4,0,27.3,18.2,36.4,4.5,36.4,75,25,100,0,83.3,16.7
419,Isaiah Hicks,NYK,23,18,4,14,13.3,87.5,12.5,77.5,10,7.5,7.5,15,25,67.5,80.6,19.4,100,0,81.8,18.2
419,Briante Weber,MEM,25,18,8,10,13.1,74.4,25.6,60,16,24,24,16,30,44,20,80,25,75,21.1,78.9
419,Rodney McGruder,MIA,26,18,11,7,16.6,52.1,47.9,46.2,6.6,49.5,26.4,4.4,19.8,39.6,57.1,42.9,86.7,13.3,69.4,30.6
419,Kadeem Allen,BOS,25,18,9,9,6,50,50,63.2,10.5,0,10.5,36.8,10.5,52.6,50,50,0,0,50,50
419,Josh Magette,ATL,28,18,3,15,12,52.2,47.8,30.4,21.7,52.2,6.5,17.4,10.9,8.7,28.6,71.4,75,25,53.3,46.7
419,Brice Johnson,MEM,24,18,2,16,5.5,97.6,2.4,93,18.6,0,4.7,7,25.6,74.4,65,35,0,0,65,35
427,Travis Wear,LAL,27,17,7,10,13.4,34.7,65.3,21.3,16,68,5.3,10.7,16,5.3,62.5,37.5,94.1,5.9,84,16
427,Antonius Cleveland,ATL,24,17,7,10,7.2,81,19,43.5,26.1,39.1,0,17.4,0,17.4,40,60,66.7,33.3,50,50
427,Georgios Papagiannis,POR,20,17,3,14,7.2,100,0,100,27.8,0,0,0,5.6,72.2,66.7,33.3,0,0,66.7,33.3
427,Derrick White,SAS,23,17,7,10,8.2,60.6,39.4,29.6,7.4,44.4,7.4,25.9,14.8,22.2,25,75,62.5,37.5,43.8,56.3
431,Derrick Walton Jr.,MIA,23,16,8,8,9.2,32,68,6.9,6.9,72.4,6.9,20.7,6.9,0,0,100,71.4,28.6,62.5,37.5
431,Rodney Purvis,ORL,24,16,5,11,18.1,51.4,48.6,45.8,22.9,40.6,19.8,13.5,13.5,22.9,59.1,40.9,84.6,15.4,68.6,31.4
431,Jalen Jones,DAL,25,16,3,13,11.3,61.8,38.2,43.2,2.7,40.5,0,16.2,16.2,40.5,43.8,56.3,70,30,53.8,46.2
431,Isaiah Whitehead,BKN,23,16,2,14,11.2,79.1,20.9,66,6,21,7,13,3,60,12.1,87.9,42.9,57.1,17.5,82.5
431,Kay Felder,DET,23,16,6,10,8.7,72.9,27.1,59.6,28.1,21.1,0,19.3,8.8,31.6,23.5,76.5,75,25,33.3,66.7
436,Damian Jones,GSW,22,15,7,8,5.9,100,0,88,8,0,8,12,16,80,81.8,18.2,0,0,81.8,18.2
436,Jamil Wilson,LAC,27,15,6,9,18.3,22.2,77.8,21,9.5,77.1,10.5,1.9,17.1,11.4,81.8,18.2,100,0,94.7,5.3
436,Thomas Bryant,LAL,20,15,7,8,4.8,52.4,47.6,63.6,18.2,13.6,18.2,22.7,45.5,45.5,100,0,100,0,100,0
436,Demetrius Jackson,PHI,23,15,12,3,5.3,61.1,38.9,75,0,18.8,0,6.3,25,75,16.7,83.3,0,100,14.3,85.7
436,Andrew White III,ATL,25,15,1,14,13.9,32.9,67.1,20.3,2.9,78.3,20.3,1.4,15.9,17.4,100,0,100,0,100,0
436,Damion Lee,ATL,25,15,4,11,27,60.5,39.5,58.4,12.4,28,9.9,13.7,16.1,46,66,34,100,0,74.2,25.8
436,Jamel Artis,ORL,25,15,4,11,18.6,63.3,36.7,59.7,20.8,31.2,7.8,9.1,19.5,39,69.6,30.4,87.5,12.5,74.2,25.8
436,Malcolm Miller,TOR,25,15,15,0,8.4,25,75,26.3,0,63.2,7.9,10.5,7.9,26.3,100,0,100,0,100,0
436,Nick Collison,OKC,37,15,9,6,5,100,0,83.9,0,0,6.5,16.1,0,83.9,76.9,23.1,0,0,76.9,23.1
445,Iman Shumpert,SAC,28,14,9,5,19.7,55.2,44.8,48.4,25.8,33.9,4.8,17.7,0,22.6,46.7,53.3,42.9,57.1,45.5,54.5
445,London Perrantes,CLE,23,14,8,6,4.7,76.9,23.1,57.1,0,0,0,42.9,0,57.1,50,50,0,0,50,50
445,Dante Exum,UTA,22,14,10,4,16.8,79.3,20.7,64.9,1.8,13.2,12.3,21.9,8.8,63.2,29.7,70.3,80,20,35.7,64.3
445,Lorenzo Brown,TOR,27,14,9,5,9.9,64.7,35.3,75,25,18.8,34.4,6.3,6.3,50,25,75,50,50,28.6,71.4
445,Udonis Haslem,MIA,38,14,9,5,5.1,46.7,53.3,50,0,37.5,0,12.5,37.5,50,100,0,100,0,100,0
445,Alfonzo McKinnie,TOR,25,14,13,1,3.8,40,60,47.6,9.5,42.9,0,9.5,0,38.1,60,40,100,0,75,25
445,Darrun Hilliard,SAS,25,14,8,6,6.8,68.4,31.6,62.5,37.5,0,12.5,37.5,0,25,20,80,0,0,20,80
445,Furkan Korkmaz,PHI,20,14,11,3,5.7,39.3,60.7,26.1,0,65.2,30.4,8.7,39.1,26.1,33.3,66.7,100,0,75,25
445,Markelle Fultz,PHI,20,14,11,3,18.1,99.1,0.9,90,10,0,12,10,15,80,33.3,66.7,0,0,33.3,66.7
445,Brandon Jennings,MIL,28,14,8,6,14.7,54.2,45.8,49.3,21.9,37,9.6,13.7,2.7,27.4,22.2,77.8,66.7,33.3,37,63
455,Charles Cooke,NOP,23,13,8,5,2.9,42.9,57.1,33.3,0,50,0,16.7,0,33.3,0,100,100,0,50,50
455,Jabari Bird,BOS,23,13,8,5,8.8,73.1,26.9,61.5,0,23.1,5.1,15.4,15.4,61.5,75,25,100,0,80,20
457,Mike Conley,MEM,30,12,7,5,31.1,54.2,45.8,39,4.9,35.1,9.8,25.9,11.2,34.1,20,80,54.2,45.8,32.8,67.2
457,Solomon Hill,NOP,27,12,8,4,15.6,48.8,51.2,48.3,6.9,41.4,20.7,10.3,31,41.4,28.6,71.4,100,0,54.5,45.5
457,Bruno Caboclo,SAC,22,12,4,8,8.8,45.2,54.8,46.2,15.4,34.6,0,19.2,26.9,30.8,33.3,66.7,100,0,55.6,44.4
457,Kyle Singler,OKC,30,12,5,7,4.9,76.2,23.8,43.5,0,26.1,13,30.4,21.7,43.5,100,0,100,0,100,0
461,Johnathan Motley,DAL,23,11,1,10,16,92,8,81.3,8.3,3.1,6.3,15.6,9.4,72.9,66.7,33.3,100,0,67.5,32.5
461,Patrick Beverley,LAC,29,11,5,6,30.3,49.6,50.4,35.8,0,53.7,13.4,10.4,15.7,35.8,25,75,79.2,20.8,52.1,47.9
461,Ike Anigbogu,IND,19,11,5,6,2.7,100,0,61.5,46.2,0,0,38.5,0,15.4,50,50,0,0,50,50
464,Larry Drew II,NOP,28,10,6,4,7,62.5,37.5,47.1,23.5,52.9,11.8,0,29.4,23.5,0,100,100,0,42.9,57.1
464,Mirza Teletovic,MIL,32,10,4,6,15.9,21.1,78.9,11.3,5.6,88.7,4.2,0,4.2,5.6,100,0,100,0,100,0
464,James Webb III,BKN,24,10,1,9,12,20.8,79.2,25,0,75,31.3,0,31.3,25,100,0,100,0,100,0
464,Milton Doyle,BKN,24,10,2,8,12.5,51.1,48.9,52.9,0,35.3,26.5,11.8,20.6,52.9,11.1,88.9,100,0,38.5,61.5
468,Jeff Withey,DAL,28,9,2,7,4.4,37.5,62.5,53.3,0,40,20,6.7,33.3,53.3,75,25,100,0,83.3,16.7
468,Nigel Hayes,SAC,23,9,6,3,13.6,51.5,48.5,51.9,44.4,44.4,0,3.7,29.6,7.4,57.1,42.9,100,0,72.7,27.3
468,Tony Bradley,UTA,20,9,6,3,3.2,90.9,9.1,75,0,0,0,25,0,75,66.7,33.3,0,0,66.7,33.3
468,Kawhi Leonard,SAS,27,9,5,4,23.3,68.5,31.5,56.2,24.7,22.6,16.4,21.2,21.9,31.5,12.2,87.8,63.6,36.4,23.1,76.9
468,Georges Niang,UTA,25,9,9,0,3.5,63.6,36.4,88.9,0,0,0,11.1,33.3,88.9,25,75,0,0,25,75
468,Aaron Harrison,DAL,23,9,2,7,25.9,37.7,62.3,33.3,10,45,18.3,21.7,11.7,23.3,30,70,100,0,63.2,36.8
474,Jon Leuer,DET,29,8,5,3,17.1,91.7,8.3,69.8,14,0,18.6,30.2,27.9,55.8,86.7,13.3,0,0,86.7,13.3
474,Marshall Plumlee,MIL,25,8,5,3,6.5,100,0,14.3,0,0,28.6,85.7,42.9,14.3,100,0,0,0,100,0
476,MarShon Brooks,MEM,29,7,2,5,27.5,68.6,31.4,45.4,8.5,40.4,11.3,14.2,24.8,36.9,21.9,78.1,26.3,73.7,23.5,76.5
476,Wade Baldwin IV,POR,22,7,4,3,11.5,76.2,23.8,52.6,5.3,31.6,13.2,15.8,5.3,47.4,0,100,100,0,28.6,71.4
476,Gian Clavell,DAL,24,7,0,7,9.1,16.7,83.3,0,0,90,0,10,15,0,0,0,100,0,100,0
476,Joakim Noah,NYK,33,7,1,6,5.7,100,0,83.3,0,0,0,16.7,16.7,83.3,40,60,0,0,40,60
476,Jack Cooley,SAC,27,7,4,3,12.5,100,0,65,0,0,7.5,35,7.5,65,61.5,38.5,0,0,61.5,38.5
481,Joel Bolomboy,MIL,24,6,3,3,6.3,83.3,16.7,66.7,22.2,0,22.2,33.3,0,44.4,100,0,0,0,100,0
481,Daniel Hamilton,OKC,22,6,5,1,4.6,54.5,45.5,50,0,50,16.7,0,41.7,50,33.3,66.7,50,50,40,60
481,James Young,PHI,22,6,4,2,10.2,28.6,71.4,23.5,0,52.9,11.8,23.5,23.5,23.5,100,0,100,0,100,0
481,Jaylen Morris,ATL,22,6,2,4,16.4,68.8,31.3,78.6,14.3,21.4,14.3,0,10.7,64.3,72.7,27.3,100,0,76.9,23.1
481,Okaro White,CLE,25,6,2,4,13.3,31.3,68.8,30,10,60,15,10,35,20,33.3,66.7,100,0,71.4,28.6
481,Xavier Munford,MIL,26,6,2,4,3.5,66.7,33.3,66.7,66.7,0,0,33.3,33.3,0,100,0,0,0,100,0
487,Jacob Wiley,BKN,23,5,1,4,6.7,50,50,0,0,75,0,25,75,0,0,0,100,0,100,0
487,Vander Blue,LAL,25,5,1,4,9,60,40,66.7,0,0,0,33.3,66.7,66.7,0,100,0,0,0,100
487,Adreian Payne,ORL,27,5,0,5,8.5,70,30,47.6,19,28.6,0,23.8,23.8,28.6,80,20,100,0,85.7,14.3
487,Nate Wolters,UTA,27,5,3,2,3.8,100,0,100,0,0,0,0,0,100,0,100,0,0,0,100
487,Marcus Paige,CHA,24,5,4,1,5.6,42.9,57.1,33.3,16.7,50,25,16.7,0,16.7,100,0,100,0,100,0
487,Alan Williams,PHX,25,5,1,4,14.1,100,0,70,0,0,0,30,10,70,85.7,14.3,0,0,85.7,14.3
487,Jordan Crawford,NOP,29,5,3,2,10.7,48.1,51.9,24.2,6.1,72.7,6.1,3,15.2,18.2,25,75,75,25,58.3,41.7
487,Walter Lemon Jr.,NOP,25,5,4,1,7,93.8,6.3,70.6,0,17.6,23.5,11.8,11.8,70.6,33.3,66.7,100,0,42.9,57.1
487,Josh Gray,PHX,24,5,0,5,17.3,68.3,31.7,50,12.5,28.1,0,21.9,6.3,37.5,0,100,66.7,33.3,18.2,81.8
487,Xavier Rathan-Mayes,MEM,24,5,0,5,23.6,66.7,33.3,75.9,34.5,10.3,13.8,13.8,3.4,41.4,0,100,100,0,8.3,91.7
487,RJ Hunter,HOU,24,5,3,2,9,30,70,42.1,10.5,47.4,0,10.5,0,31.6,50,50,33.3,66.7,42.9,57.1
498,Vincent Hunter,MEM,23,4,0,4,1.9,100,0,100,33.3,0,0,0,0,66.7,100,0,0,0,100,0
498,Nicolas Brussino,ATL,25,4,0,4,2.5,0,100,0,0,0,0,0,0,0,0,0,0,0,0,0
498,Markel Brown,HOU,26,4,4,0,7.9,28.6,71.4,40,40,60,0,0,0,0,0,100,0,100,0,100
498,Omari Johnson,MEM,29,4,1,3,18.8,42.9,57.1,45.5,9.1,54.5,0,0,0,36.4,40,60,100,0,66.7,33.3
498,Erik McCree,UTA,24,4,4,0,1.9,50,50,0,0,0,0,0,0,0,0,0,0,0,0,0
498,Mangok Mathiang,CHA,25,4,3,1,5,100,0,100,0,0,25,0,50,100,100,0,0,0,100,0
498,Matt Costello,SAS,24,4,2,2,8.1,100,0,100,0,0,0,0,50,100,100,0,0,0,100,0
498,Jonathan Gibson,BOS,30,4,2,2,10,47.8,52.2,47.1,11.8,52.9,20.6,0,8.8,35.3,50,50,83.3,16.7,64.3,35.7
506,Tim Quarterman,HOU,23,3,2,1,4.3,33.3,66.7,50,0,0,0,50,0,50,100,0,0,0,100,0
506,Matt Williams Jr.,MIA,24,3,1,2,3.8,16.7,83.3,40,40,60,0,0,0,0,0,100,100,0,50,50
506,Marquis Teague,MEM,25,3,0,3,24.6,75,25,54.5,0,27.3,18.2,18.2,27.3,54.5,0,100,0,100,0,100
506,James Michael McAdoo,PHI,25,3,1,2,6,0,100,0,0,75,0,25,0,0,0,0,100,0,100,0
506,Jarell Eddie,CHI,26,3,1,2,2.9,0,100,0,0,0,0,0,0,0,0,0,0,0,0,0
506,David Stockton,UTA,27,3,3,0,3.1,0,100,0,0,60,0,40,20,0,0,0,0,100,0,100
506,Monte Morris,DEN,23,3,2,1,8.4,83.3,16.7,80,0,0,20,20,20,80,25,75,0,0,25,75
506,Jameel Warney,DAL,24,3,1,2,8.9,100,0,82.4,11.8,0,0,17.6,11.8,70.6,42.9,57.1,0,0,42.9,57.1
506,Reggie Hearn,DET,26,3,3,0,2.2,0,100,0,0,100,0,0,0,0,0,0,100,0,100,0
506,Josh Smith,NOP,32,3,2,1,3.9,100,0,100,0,0,0,0,0,100,0,100,0,0,0,100
506,Jacob Pullen,PHI,28,3,2,1,2,50,50,100,100,0,0,0,100,0,100,0,0,0,100,0
517,Ben Moore,IND,23,2,1,1,4.6,0,0,0,0,0,0,0,0,0,0,0,0,0,0,0
517,Luis Montero,DET,25,2,1,1,4,100,0,0,0,0,0,0,0,0,0,0,0,0,0,0
517,Andre Ingram,LAL,32,2,1,1,32.1,47.1,52.9,25,8.3,62.5,12.5,12.5,0,16.7,100,0,100,0,100,0
517,Derrick Williams,LAL,27,2,1,1,4.3,50,50,100,0,0,0,0,100,100,100,0,0,0,100,0
517,Josh McRoberts,DAL,31,2,2,0,2.9,0,100,0,0,0,0,0,0,0,0,0,0,0,0,0
517,Xavier Silas,BOS,30,2,1,1,3.7,33.3,66.7,0,0,0,0,0,0,0,0,0,0,0,0,0
517,PJ Dozier,OKC,21,2,1,1,1.6,100,0,100,0,0,0,0,0,100,0,100,0,0,0,100
524,Justin Patton,MIN,21,1,0,1,3.7,100,0,100,100,0,0,0,0,0,100,0,0,0,100,0
524,Anthony Brown,MIN,25,1,0,1,3.7,0,100,0,0,100,0,0,100,0,0,0,100,0,100,0
524,Naz Mitrou-Long,UTA,24,1,0,1,0.5,0,100,0,0,100,0,0,0,0,0,0,100,0,100,0
524,Kendrick Perkins,CLE,33,1,0,1,14.5,100,0,66.7,0,0,0,33.3,0,66.7,0,100,0,0,0,100
524,Chinanu Onuaku,HOU,21,1,0,1,21.6,100,0,100,0,0,50,0,50,100,50,50,0,0,50,50
524,Tyler Lydon,DEN,22,1,1,0,2.2,0,0,0,0,0,0,0,0,0,0,0,0,0,0,0
524,Chris Boucher,GSW,25,1,1,0,1.3,0,100,0,0,0,0,0,0,0,0,0,0,0,0,0
524,Devin Robinson,WAS,23,1,0,1,13.2,100,0,100,0,0,0,0,0,100,0,100,0,0,0,100
524,Edmond Sumner,IND,22,1,0,1,2.2,100,0,100,0,0,100,0,0,100,0,100,0,0,0,100
524,Luol Deng,LAL,33,1,0,1,13.1,100,0,100,0,0,100,0,100,100,100,0,0,0,100,0
524,Mindaugas Kuzminskas,NYK,28,1,0,1,1.9,100,0,0,0,0,0,0,0,0,0,0,0,0,0,0
524,Trey McKinney-Jones,IND,27,1,1,0,1.2,0,0,0,0,0,0,0,0,0,0,0,0,0,0,0
524,Gordon Hayward,BOS,28,1,0,1,5.3,50,50,100,0,0,0,0,0,100,100,0,0,0,100,0
524,Scotty Hopson,DAL,28,1,0,1,8.4,100,0,0,0,0,100,100,100,0,0,0,0,0,0,0
524,Aaron Jackson,HOU,32,1,0,1,34.5,55.6,44.4,50,0,37.5,0,12.5,0,50,50,50,0,100,33.3,66.7
524,Jeremy Lin,BKN,29,1,0,1,25.2,83.3,16.7,44.4,11.1,16.7,11.1,38.9,33.3,33.3,25,75,0,100,20,80
524,Jeremy Evans,ATL,30,1,0,1,5.4,100,0,100,0,0,0,0,0,100,0,100,0,0,0,100