Play_Num,PLAYER,TEAM,AGE,GP,W,L,MIN,OFFRTG,DEFRTG,NETRTG,AST%,AST/TO,AST RATIO,OREB%,DREB%,REB%,TO RATIO,EFG%,TS%,USG%,PACE,PIE
1,Naz Mitrou-Long,UTA,24,1,0,1,0.5,266,0,266,0,0,0,0,0,0,0,150,150,53.2,133.78,60
2,Trey McKinney-Jones,IND,27,1,1,0,1.2,138.9,138.9,0,0,0,0,0,0,0,0,0,0,0,112.09,0
3,Justin Patton,MIN,21,1,0,1,3.7,135.1,93.4,41.8,0,0,0,0,0,0,0,50,50,22.5,119.06,5.7
3,Anthony Brown,MIN,25,1,0,1,3.7,135.1,93.4,41.8,33.3,0,50,0,0,0,0,150,150,11.3,119.06,22.9
5,Matt Williams Jr.,MIA,24,3,1,2,3.8,131.3,56.3,75,0,0,0,0,9.1,5.6,14.3,41.7,41.7,30.3,95.07,0
6,Matt Costello,SAS,24,4,2,2,8.1,127.8,103.4,24.3,7.1,2,28.6,4.3,30.8,18.4,14.3,50,50,7.3,94.81,5.7
7,Kendrick Perkins,CLE,33,1,0,1,14.5,123.4,116.6,6.8,18.2,2,34,0,10,5.3,17,50,52.1,11.5,103.18,4.2
8,Omari Johnson,MEM,29,4,1,3,18.8,123.2,119,4.2,10.6,2.33,22.6,6.8,11.7,9.2,9.7,52.4,52.4,14,98.12,5.3
9,Marcus Paige,CHA,24,5,4,1,5.6,120.7,110.9,9.8,14.3,0,16.8,0,17.4,7.8,0,35.7,40.3,22.8,96.08,7.7
10,Stephen Curry,GSW,30,51,41,10,32,120.4,105.7,14.7,27.2,2.03,21.2,2.7,14.1,8.9,10.5,61.8,67.5,29.7,106.01,16.5
11,Zaza Pachulia,GSW,34,69,47,22,14.1,116.7,105.5,11.2,14.1,1.51,22.4,11,25.3,18.6,14.8,56.4,61.2,16.8,102.62,10.6
12,Chris Paul,HOU,33,58,50,8,31.8,116.6,103.8,12.8,38.9,3.57,30.9,2.3,17,9.7,8.6,55,60.4,24.8,98.39,16.6
13,Eric Gordon,HOU,29,69,55,14,31.2,115.7,102.6,13.1,11.3,1.18,11.3,1.3,7.4,4.4,9.6,54,57.8,24.4,100.64,9
14,Kevin Durant,GSW,29,68,49,19,34.2,115.6,106.8,8.8,24.3,1.77,18.6,1.6,19.2,11.1,10.5,58.6,64,29.9,103.3,16.8
15,Nene,HOU,35,52,42,10,14.6,115.5,98.4,17.1,9.3,1.18,12.2,8.4,17.9,13.3,10.3,56.9,59.4,18.8,101.74,9.2
16,Jordan Bell,GSW,23,57,43,14,14.2,115,103,11.9,16.6,2,28.5,9.1,18.1,14.1,14.3,62.7,64.1,13.9,101.57,11.1
17,James Harden,HOU,28,72,59,13,35.4,114.6,104.7,9.9,44.9,2,23.2,1.9,15.3,8.8,11.6,54.1,61.9,36.1,99.69,19.4
18,Darrun Hilliard,SAS,25,14,8,6,6.8,114.5,111.5,3,14.7,2.75,29.7,0,8.6,4.5,10.8,26.3,36.2,12.5,95.62,2.6
19,Nicolas Brussino,ATL,25,4,0,4,2.5,114.3,40.5,73.8,0,0,0,0,23.1,16.7,0,0,0,8.7,100.84,4.1
20,Jonathan Gibson,BOS,30,4,2,2,10,114,113,1,14.8,1.33,13.3,0,8.3,4.3,10,73.9,73.9,28.6,104.31,11.5
21,Jordan Crawford,NOP,29,5,3,2,10.7,114,128.6,-14.7,35.1,2.6,28.6,3.8,4.1,4,11,59.3,60.1,24.1,107.27,9
22,PJ Tucker,HOU,33,82,65,17,27.8,113.7,102.9,10.8,4.7,1.04,12.5,4.7,18.1,11.5,12,52,53.7,10.5,99.55,5.9
23,Karl-Anthony Towns,MIN,22,82,47,35,35.6,113.6,107.7,5.9,10.5,1.25,11.7,9.5,30.4,20.1,9.3,59.6,64.6,22.9,97.61,16.5
24,Klay Thompson,GSW,28,73,55,18,34.3,113.4,103.7,9.7,10.8,1.45,12.1,1.5,10.1,6.2,8.3,58.5,59.8,23.7,101.92,10.3
25,Jimmy Butler,MIN,28,59,37,22,36.7,113.3,105.1,8.3,20.4,2.67,19.1,4.3,12.6,8.4,7.2,51.2,59,25.1,96.92,15.1
26,Jabari Bird,BOS,23,13,8,5,8.8,113.3,102.3,11,9.9,1,16.8,5.7,11.1,8.6,16.8,63.5,61.5,15,98.41,7.6
27,Clint Capela,HOU,24,74,62,12,27.5,113.2,104.1,9.2,5.5,0.66,7.1,13.2,30.7,22,10.7,65.2,65,19.4,98.83,15.5
28,Jamal Murray,DEN,21,81,46,35,31.7,113,109.7,3.3,15.9,1.59,16.9,3.7,9.7,6.7,10.6,52.9,57.6,23.1,98.37,9.6
29,LeBron James,CLE,33,82,50,32,36.9,112.7,110.9,1.7,43.2,2.15,25.7,3.7,22.5,13.3,11.9,59,62.1,31.6,100.1,19.1
30,Draymond Green,GSW,28,70,48,22,32.7,112.7,103.7,8.9,28.6,2.51,36.2,4,21.1,13.2,14.4,51.6,55.6,17.2,102.99,11.7
31,Nikola Jokic,DEN,23,75,43,32,32.6,112.6,108,4.6,28.6,2.18,25.2,9.2,28.2,18.7,11.6,55.4,60.3,24.2,98.04,16.9
32,Ryan Anderson,HOU,30,66,52,14,26.1,112.6,106.5,6.1,5,1.43,9.6,6.1,15.6,10.8,6.7,56.8,59.2,14.3,100.23,7.7
33,Kevon Looney,GSW,22,66,45,21,13.8,112.4,103.8,8.6,6.2,1.35,14,10.6,15.7,13.3,10.3,58.3,58.8,12.5,100.3,7.9
34,OG Anunoby,TOR,20,74,51,23,20,112.4,102.2,10.2,4.9,1.22,11.6,3.5,10,6.9,9.5,57.7,58.7,12.4,100.23,5.6
35,Channing Frye,LAL,35,53,28,25,13.1,112.4,104.5,7.9,7.7,1.81,13.6,2,18.8,10.9,7.5,58.3,59.9,15.5,99.81,9.2
36,MarShon Brooks,MEM,29,7,2,5,27.5,112.4,115.7,-3.4,20.5,1.56,16.3,4.7,8.7,6.6,10.4,59.3,62.9,28.1,99.26,14.7
37,DeMar DeRozan,TOR,28,80,57,23,33.9,112.2,105.4,6.8,24.5,2.38,18.5,2.5,10.2,6.4,7.8,48.8,55.5,29.2,100.84,13.5
38,Kevin Love,CLE,29,59,37,22,28,112.2,111.3,0.9,9.9,1.14,9.9,7.1,29.9,18.7,8.7,55.2,61.4,25.2,98.96,15
39,Trevor Ariza,HOU,32,67,51,16,33.9,112.1,104.3,7.8,6.7,2.02,12.4,1.6,13,7.3,6.1,54.2,56.7,14.3,100.43,7.7
40,Rodney McGruder,MIA,26,18,11,7,16.6,112,105.9,6.1,7.5,4.25,17.4,3.9,8.5,6,4.1,59.6,59.5,11.8,97.13,6.5
41,Fred VanVleet,TOR,24,76,55,21,20,112,99.9,12.1,23.1,3.28,26.8,1.9,11.9,6.9,8.2,52.5,55.6,19.4,98.48,11.1
42,Boban Marjanovic,LAC,29,39,18,21,8.7,111.8,105.4,6.5,10,0.61,8.8,17.2,30.8,24.4,14.5,53.4,61.6,28.6,100.52,16.6
43,Serge Ibaka,TOR,28,76,53,23,27.5,111.8,104.7,7.2,4.4,0.69,6.3,4.3,20.3,12.6,9.1,55.2,57.4,19.2,100.81,9.8
44,Tyus Jones,MIN,22,82,47,35,17.9,111.8,105.7,6.1,21.5,3.93,35.4,1.2,9.4,5.2,9,52.6,57.2,12.9,96.79,9
45,Jose Calderon,CLE,36,57,33,24,16,111.8,108.7,3.1,17.5,2.85,32.8,1.8,8.7,5.3,11.5,62.4,64.3,12.1,96.71,6.7
46,Luc Mbah a Moute,HOU,31,61,52,9,25.6,111.8,101.2,10.6,5.2,0.81,10.8,1.7,11.3,6.7,13.3,57.2,59.5,13.1,98.95,6.7
47,Taj Gibson,MIN,33,82,47,35,33.2,111.8,107.1,4.7,5.1,1.11,9.8,8.1,16.4,12.3,8.8,58.1,61,14.7,98.46,9.4
48,Jonas Valanciunas,TOR,26,77,56,21,22.4,111.7,106,5.8,7.5,0.7,8.3,12.2,29.1,21,11.8,59,62.8,22.5,100.13,15.1
49,Kyle Korver,CLE,37,73,43,30,21.6,111.7,104.2,7.5,7.9,1.6,13.4,0.7,10.6,5.9,8.4,62.8,65.2,16,101.22,8.3
50,Kyle Lowry,TOR,32,78,57,21,32.2,111.6,104.1,7.5,30.7,2.93,30.2,3,15.7,9.5,10.3,55.3,59.8,21.5,100.75,13.6
51,Xavier Silas,BOS,30,2,1,1,3.7,111.4,114.2,-2.9,0,0,0,11.1,12.5,11.8,0,0,0,15.7,99.35,-7.3
52,Joel Embiid,PHI,24,63,41,22,30.3,111.4,99.7,11.6,18.2,0.85,11.7,8.7,28.9,19.5,13.8,51.4,57.3,33.9,100.37,17.7
53,Cole Aldrich,MIN,29,21,14,7,2.3,111.4,113,-1.6,8.1,3,13.9,6.1,31.6,17.2,4.6,33.3,34,16.1,98.43,2.8
54,Jeff Teague,MIN,30,70,41,29,33,111.2,108.7,2.5,29.8,2.78,31.4,1.2,9.2,5.2,11.3,49.9,55.3,20.4,99.4,10.5
55,Paul Millsap,DEN,33,38,22,16,30.1,111.1,107,4.1,13.9,1.44,15.4,6.5,17.1,11.9,10.7,50.9,54.9,22.2,98.75,10.5
56,Pascal Siakam,TOR,24,81,59,22,20.7,111.1,102,9.1,13.3,2.37,20.9,5.5,19.3,12.4,8.8,53.7,54.9,16,98.6,10.2
57,Alfonzo McKinnie,TOR,25,14,13,1,3.8,111,111.6,-0.6,2.7,0.33,4.9,2.3,11.3,7.3,14.8,63.3,64.3,17.5,98.84,5.2
58,Andrew Wiggins,MIN,23,82,47,35,36.3,111,107.6,3.4,8,1.16,9.2,3.1,10.7,6.9,7.9,48.1,50.5,23.2,98.8,7.6
59,Jakob Poeltl,TOR,22,82,59,23,18.6,111,103.3,7.6,5.4,0.67,10,12.3,17.3,14.8,14.9,66,66.2,14.8,99.32,9.7
60,JaVale McGee,GSW,30,65,45,20,9.5,110.9,106.7,4.2,8,1.22,10.9,11.5,18.8,15.3,8.9,62.1,64.1,18.9,102.9,11.8
61,Cedi Osman,CLE,23,61,35,26,11,110.9,109.1,1.7,8.4,1.28,14.7,3.3,16.5,10.1,11.5,57,57.7,15.6,99.98,6.7
62,Ike Anigbogu,IND,19,11,5,6,2.7,110.8,134.1,-23.3,0,0,0,16.1,14.3,15.3,14.7,44.4,55.8,18.9,98.71,10.9
63,Gary Harris,DEN,23,67,37,30,34.4,110.7,107.5,3.2,12.8,1.63,15,1.8,6.8,4.4,9.2,57,59.7,20.8,99.18,9.8
64,Lou Williams,LAC,31,79,42,37,32.8,110.6,110,0.6,25.4,1.78,18.9,1.7,6.6,4.2,10.6,50.5,57.4,29.2,102.44,12.7
65,JR Smith,CLE,32,80,49,31,28.1,110.5,112.8,-2.3,8.7,1.74,16.8,1.4,10.3,5.9,9.6,52.4,53.4,13.9,99.36,5.2
66,Trey Burke,NYK,25,36,10,26,21.8,110.4,114.2,-3.8,32.9,3.95,27.3,1.8,8.5,5.1,6.9,55.2,56.3,25.3,99.5,12.9
67,Andre Iguodala,GSW,34,64,46,18,25.4,110.4,100.5,9.9,16.9,3.13,33.1,3.6,12.6,8.4,10.5,51.4,53.6,11.6,100.97,8.1
68,John Henson,MIL,27,76,39,37,25.9,110.3,105.4,5,8.3,1.36,14.8,9.2,20.8,15.2,10.9,57.3,58.2,15.1,98.02,9.7
69,JJ Redick,PHI,34,70,45,25,30.2,110.2,102.1,8.1,14.9,2.04,16.3,0.5,8.2,4.5,8,56.9,61.4,21.6,103.33,10.8
70,Nate Wolters,UTA,27,5,3,2,3.8,110.2,106.6,3.5,7.7,0,14.3,5.3,6.7,5.9,0,16.7,16.7,13.8,88.37,-2.6
71,Damien Wilkins,IND,38,19,10,9,8,110.1,106.4,3.7,7.5,1.8,16.4,3.5,7.9,5.7,9.1,38.5,40.5,12.9,96.68,3.4
72,Russell Westbrook,OKC,29,80,47,33,36.4,110,104.4,5.7,46.4,2.15,26.1,5.5,25.4,15.1,12.1,47.7,52.4,33.2,101.19,18.6
73,Devin Harris,DEN,35,71,33,38,18.9,110,106.8,3.2,16.5,2,20.1,1,9.5,5.4,10,49.9,56.3,20.1,99.17,7.6
74,Patrick Beverley,LAC,29,11,5,6,30.3,109.9,105.4,4.5,15,1.28,17.4,5.1,10,7.5,13.6,50.4,53,20,96.15,7.7
75,Eric Bledsoe,MIL,28,74,40,34,31.4,109.8,106.7,3.1,24.6,1.71,21.6,2.6,11.3,7.1,12.6,53.6,58.2,25.8,99.53,12.5
76,Delon Wright,TOR,26,69,49,20,20.8,109.8,102.1,7.8,20.2,2.56,26.3,3.6,12.1,7.8,10.2,53,57.4,17.4,98.34,11.6
77,Robert Covington,PHI,27,80,51,29,31.6,109.8,99,10.9,8.4,1.24,13.2,2.5,15.5,9.3,10.7,53.4,56.3,17.2,101.96,9
78,Darren Collison,IND,30,69,39,30,29.3,109.8,106.6,3.2,25.7,4.28,31.9,2.2,7.9,5.1,7.4,57.1,61,17.5,98.47,11.4
79,Shaun Livingston,GSW,32,71,49,22,15.9,109.8,101.3,8.4,16.9,2.41,24.7,3.5,9.2,6.6,10.2,50.1,53.3,17.2,99.87,7.5
80,Steven Adams,OKC,24,76,43,33,32.7,109.8,104.8,5,5.1,0.69,8.4,16.2,13.8,15,12.1,62.9,63,16.2,100.33,10.9
81,Kemba Walker,CHA,28,80,36,44,34.2,109.7,106.3,3.5,26.4,2.48,20.5,1.3,8.5,4.9,8.2,51.6,57.2,27.3,100.85,13.1
82,Montrezl Harrell,LAC,24,76,39,37,17,109.7,107.4,2.3,9.3,1.09,9.4,9.1,16.7,13.1,8.6,63.6,64.7,23.7,101.87,14.4
83,Wilson Chandler,DEN,31,74,41,33,31.7,109.7,108.4,1.2,9.4,1.73,17.1,4.9,14.1,9.5,9.9,51.5,54.2,14.4,98.72,7.1
84,Carmelo Anthony,OKC,34,78,46,32,32.1,109.7,105.6,4.1,6.1,1.04,7.1,2.8,17.8,10,6.8,47.6,50.3,22.6,100.33,8.6
85,Walter Lemon Jr.,NOP,25,5,4,1,7,109.6,123.6,-13.9,17.2,1.25,19,0,7.4,3.7,15.2,46.9,49.1,27.2,108.33,3
86,Khris Middleton,MIL,26,82,44,38,36.4,109.6,107.5,2.1,17.2,1.72,16.8,1.8,15,8.4,9.8,52.4,57.7,24.5,98.6,11.4
87,Nikola Mirotic,NOP,27,55,34,21,27.2,109.6,105.1,4.5,7.9,1.29,9,4.2,24,14.3,7,54.6,57.7,23,103.2,13
88,Otto Porter Jr.,WAS,25,77,42,35,31.6,109.6,104.5,5,9.6,2.09,13.4,4.9,17.9,11.5,6.4,58.1,60.2,18.5,98.36,12.4
89,Georgios Papagiannis,POR,20,17,3,14,7.2,109.5,119.2,-9.7,9.7,1.13,15.3,11.9,23.5,17.5,13.6,42.9,42.9,17.5,99.01,7.1
90,Jeff Green,CLE,31,78,47,31,23.4,109.5,105.4,4.1,8.1,1.32,11.1,3.8,10.9,7.5,8.4,52,58.7,19.4,100.62,9
91,Kelly Olynyk,MIA,27,76,42,34,23.4,109.4,104.5,4.9,18,1.41,19.4,5.9,22.5,14.2,13.8,58,61.2,21.9,96.81,12.2
92,Ben Simmons,PHI,21,81,51,30,33.7,109.4,101.4,8,36.2,2.38,31.7,6,19.5,13.1,13.3,54.5,55.7,22.2,102.61,15.4
93,Torrey Craig,DEN,27,39,22,17,16.1,109.4,111.1,-1.8,5.4,1.25,12.7,7.4,15.2,11.4,10.1,51.5,53.5,12.2,99.3,5.6
94,CJ Miles,TOR,31,70,50,20,19.1,109.4,102.2,7.2,6.1,1.41,7.5,1.5,11.3,6.3,5.3,51.6,54.5,22.1,100,7.7
95,Dante Exum,UTA,22,14,10,4,16.8,109.3,98.9,10.4,27,2.15,26.3,2,9.6,6.1,12.2,51.1,56.6,22.9,100.17,11.7
96,Victor Oladipo,IND,26,75,48,27,34,109.3,102.9,6.4,20.9,1.47,15.8,2.1,14.6,8.6,10.7,53.7,57.7,30,98.82,14.8
97,Milos Teodosic,LAC,31,45,29,16,25.2,109.2,107,2.2,25.2,2.15,30.5,1.6,10.2,6,14.1,54.2,56.4,18.1,102.21,7.9
98,Josh Huestis,OKC,26,69,43,26,14.2,109.2,102.6,6.6,2.7,0.77,8.4,4.8,13.5,9.2,11,42,41.7,9.8,97.13,3.2
99,Andre Ingram,LAL,32,2,1,1,32.1,109.2,93.8,15.3,14.9,2.33,24.7,1.8,8.1,5.1,10.6,61.8,65.5,14.1,106.98,9.9
100,Gary Payton II,LAL,25,23,10,13,9.6,109.1,106.6,2.6,13,3,19.8,6.4,16.3,11.2,6.6,44.6,44.3,16.6,99.76,5.8
101,Will Barton,DEN,27,81,46,35,33.1,109.1,108.5,0.6,18.5,2.22,20.6,2.9,14.1,8.5,9.3,52.8,56.2,20.6,99.37,10.9
102,John Wall,WAS,27,41,23,18,34.4,109.1,105.4,3.7,42.5,2.49,29.7,1.7,9.8,5.8,11.9,46.6,51.5,28.6,101.09,13
103,Dario Saric,PHI,24,78,49,29,29.6,108.9,102.2,6.7,12.9,1.36,15.2,7.6,16.6,12.3,11.1,54.1,58.2,20.9,101.55,11.5
104,Jeremy Lin,BKN,29,1,0,1,25.2,108.9,120.7,-11.8,23.5,1.33,18.1,0,0,0,13.6,45.8,59.7,26.1,119.62,7.1
105,Jrue Holiday,NOP,28,81,47,34,36.1,108.9,103.2,5.7,24.3,2.28,23.7,2.4,10.7,6.7,10.4,54.3,57,22.9,103.14,11.8
106,Anthony Davis,NOP,25,75,45,30,36.4,108.8,103.4,5.4,10.4,1.07,8.4,7.7,24.1,16.3,7.9,55.2,61.2,29.7,103.32,18.8
107,Giannis Antetokounmpo,MIL,23,75,39,36,36.8,108.8,105.4,3.5,23.7,1.62,15.9,6.7,24.9,15.9,9.8,54.5,59.8,31.2,98.38,18.6
108,Tony Snell,MIL,26,75,42,33,27.4,108.8,108.9,-0.1,6.4,2.72,16.9,0.5,7.6,4.1,6.2,56.2,57.8,10.6,98.82,5.1
109,Darius Miller,NOP,28,82,48,34,23.7,108.7,107.6,1.2,7.6,1.91,16.2,1,8,4.6,8.5,59.4,61.7,12.9,102.34,5.6
110,Kyrie Irving,BOS,26,60,41,19,32.2,108.7,103.4,5.2,28.2,2.19,18.6,1.9,10.7,6.5,8.5,56.8,61,30.7,99.22,16.5
111,E'Twaun Moore,NOP,29,82,48,34,31.5,108.7,105.3,3.3,9.9,1.83,16.2,2.5,7.3,5,8.9,58.5,59.3,16.1,102.95,7.3
112,Thaddeus Young,IND,30,81,48,33,32.2,108.6,104.2,4.4,8.5,1.45,13.1,8.1,14.1,11.2,9,52.1,52.8,17.5,97.54,9
113,Marcus Georges-Hunt,MIN,24,42,24,18,5.3,108.6,112.6,-4,4.5,2.33,10.4,3.4,5,4.2,4.5,47.9,51.5,11.8,99.79,1.7
114,Jeff Withey,DAL,28,9,2,7,4.4,108.5,82.4,26.1,0,0,0,2.6,24.3,13.2,10.6,43.8,44.4,20.5,100.45,8.4
115,Iman Shumpert,SAC,28,14,9,5,19.7,108.5,103.2,5.4,8.4,1.06,17.4,2.9,12.6,8.1,16.4,44,48,12.8,100.99,4.9
116,Nick Young,GSW,33,80,56,24,17.4,108.5,105.3,3.1,3.8,0.92,6.1,1.6,8.2,5,6.6,53.8,56.2,17.6,100.99,6.1
117,Nemanja Bjelica,MIN,30,67,38,29,20.5,108.4,108,0.4,8.8,1.65,16.3,4.3,18.4,11.3,9.8,56.3,58.1,14.3,99.1,8.2
118,Isaiah Canaan,PHX,27,20,9,11,21.1,108.4,108.7,-0.3,27.6,2.62,28.7,1.7,10.8,6.2,11,46,53.9,19.9,97.75,9.6
119,Austin Rivers,LAC,25,61,30,31,33.7,108.4,110.5,-2.2,17.9,2.22,19.7,1.5,6.5,4,8.9,50.8,52.6,21,99,7.3
120,Damian Lillard,POR,27,73,44,29,36.6,108.3,103.5,4.8,30.1,2.33,20.6,2.5,10.6,6.6,8.8,51.9,59.4,30.1,100.2,16.5
121,Willie Reed,DET,28,42,20,22,10.2,108.3,106.5,1.8,3.5,0.53,5.7,9,23.6,16.1,10.9,67.4,67.1,16.4,102.82,11.5
122,Ron Baker,NYK,25,29,12,17,13.3,108.2,104,4.2,16.1,2.61,34.7,1.6,7.5,4.6,13.3,43.2,50.4,10.3,98.08,5.8
123,Jameel Warney,DAL,24,3,1,2,8.9,108.2,114.5,-6.3,0,0,0,15.4,20.8,18,6.6,58.3,59.9,25.4,92.34,15.1
124,Jamal Crawford,MIN,38,80,45,35,20.7,108.2,112.9,-4.7,17.7,1.95,17.3,1.5,5.7,3.5,8.9,48.5,51.9,23.9,98.33,7.9
125,Al Horford,BOS,32,72,47,25,31.6,108.2,101.1,7.1,22.5,2.57,26.6,5.2,19.7,12.8,10.3,55.3,57.5,18.6,97.75,13.4
126,Paul George,OKC,28,79,47,32,36.6,108.2,105.2,3,14.3,1.24,13.2,2.7,14.9,8.6,10.6,52.1,57,25.4,100.29,12
127,Dwight Howard,CHA,32,81,35,46,30.4,108.1,106.4,1.7,6.9,0.5,7.1,11.2,32.7,22,14.1,55.6,57.7,24.1,100.96,13.6
128,Devin Robinson,WAS,23,1,0,1,13.2,108.1,83.9,24.2,0,0,0,13.3,30,20,0,33.3,33.3,8.2,105.2,8.5
129,Derrick Rose,MIN,29,25,15,10,16.8,108.1,112.5,-4.4,13.6,1.06,13.3,3.6,6,4.8,12.6,45.4,50.7,25,102.9,6.8
130,Jeremy Lamb,CHA,26,80,36,44,24.6,108.1,107.2,0.9,15.4,2,15.5,2.7,15.6,9.1,7.7,51.3,55.9,22.5,99.78,11.6
131,Michael Kidd-Gilchrist,CHA,24,74,34,40,25,108.1,105.8,2.3,5.7,1.34,9.4,4.8,12.7,8.7,7,50.4,53.6,16.1,101.04,7.4
132,Sam Dekker,LAC,24,73,36,37,12.1,108,103.8,4.3,5.9,1.15,10.7,5.7,15.7,10.8,9.3,51.4,53.4,15.4,101.9,7.9
133,Jalen Jones,DAL,25,16,3,13,11.3,108,118.8,-10.7,3.2,0.57,4.6,7.4,18.4,12.2,8,45.6,48.5,20,96.53,5.1
134,Trey Lyles,DEN,22,73,41,32,19.1,108,109,-0.9,10.5,1.49,11.9,4.5,24.1,14.2,8,56.6,59.1,21.1,98.79,12.8
135,Lucas Nogueira,TOR,25,49,36,13,8.5,108,96.4,11.7,7.4,1.38,16.9,4.9,18.3,11.7,12.3,64.4,66.1,11.9,98.54,10.6
136,Myles Turner,IND,22,65,39,26,28.2,108,104.8,3.2,7.1,0.91,9.5,5.8,19.2,12.7,10.5,52.3,56.7,20.2,98.13,10
137,DeMarcus Cousins,NOP,27,48,27,21,36.2,108,106.2,1.8,24.1,1.06,16.7,7.1,32.5,20.2,15.8,53,58.3,32.4,100.74,16.7
138,Omri Casspi,GSW,30,53,40,13,14,108,102.8,5.2,9.9,1.38,15.7,4.9,23.4,15,11.4,60.4,63.2,16.2,101.69,11.9
139,Marvin Williams,CHA,32,78,33,45,25.7,108,105.5,2.4,6.9,1.45,12.3,4,15.5,9.8,8.5,57,60.3,14.7,101.14,9.3
140,Al-Farouq Aminu,POR,27,69,40,29,30,107.9,103.5,4.4,5.6,1.06,10.8,5,22.2,13.6,10.1,50.3,52.2,14.6,99.68,9
141,Jae Crowder,UTA,27,80,52,28,26.1,107.9,106.9,1,7.1,1.34,10.9,3.2,11.5,7.4,8.1,48.6,52.5,17.2,99.81,6.1
142,Manu Ginobili,SAS,40,65,39,26,20,107.8,105.9,2,19.3,1.55,20.7,1.7,10.8,6.2,13.3,50.3,55.3,21.2,98.45,8.5
143,Jonas Jerebko,UTA,31,74,45,29,15.3,107.8,104.2,3.6,5.7,1.56,9.7,5.3,19.5,12.3,6.2,56.2,58.6,15.7,96.79,9.1
144,LaMarcus Aldridge,SAS,32,75,45,30,33.4,107.8,102.1,5.7,11.1,1.37,8.5,10.8,17.4,14.1,6.2,52,57,29.4,95.64,15.9
145,Ian Clark,NOP,27,74,43,31,19.7,107.8,106,1.8,10.7,1.93,16,0.8,8.4,4.8,8.3,51.1,52.9,17.4,101.81,6.2
146,Patty Mills,SAS,29,82,47,35,25.7,107.7,104.8,2.9,15.8,2.16,21.4,1.3,7,4.1,9.9,52.3,55.8,17.7,97.3,7.5
147,Nicolas Batum,CHA,29,64,27,37,31,107.7,107.7,0,25.5,2.66,29.4,3.1,13.7,8.4,11,48.6,52.3,18.2,101.62,10.4
148,Zach Collins,POR,20,66,41,25,15.8,107.7,106.6,1.1,7,0.9,12.5,5,18.2,11.8,13.9,45.8,47.5,15.8,96.3,5.2
149,Bradley Beal,WAS,25,82,43,39,36.3,107.6,105.3,2.3,20.6,1.74,16.7,2.4,11.2,6.9,9.6,52.7,56.4,27.7,98.74,12.5
150,Raul Neto,UTA,26,41,28,13,12.2,107.6,96.8,10.8,23,2.08,27,1.6,8.9,5.4,13,52,55,18.2,98.34,8.8
151,Royce O'Neale,UTA,25,69,43,26,16.7,107.6,97.3,10.3,12.2,1.73,20.3,2.5,19.9,11.4,11.8,49.6,54,14.5,97.65,9.2
152,Alec Peters,PHX,23,20,2,18,11.2,107.6,106.6,1,7.3,3,12.7,3.7,13.1,8.4,4.2,50,52.3,15.6,100.94,7.1
153,Pat Connaughton,POR,25,82,49,33,18.1,107.6,104.7,2.8,8.5,2.12,16.7,2.7,9,5.9,7.9,51.8,53.9,13.3,98.51,5.8
154,Jason Terry,MIL,40,51,27,24,16,107.5,105.8,1.8,9.8,2.36,24.4,0.7,6.4,3.5,10.3,51.3,52.5,10,98.93,4.7
155,Blake Griffin,DET,29,58,28,30,34,107.5,105.6,1.9,28.6,2.02,20.4,4,19.5,11.8,10.1,49.3,54.4,28.9,99.75,14.4
156,Tomas Satoransky,WAS,26,73,39,34,22.5,107.4,104.8,2.6,24.6,3.45,36,5.1,11.1,8.1,10.4,58.5,61.5,13.7,98.22,10.6
157,Jaylen Brown,BOS,21,70,47,23,30.7,107.4,100.3,7.1,8.1,0.92,10,3.5,13.9,8.8,10.8,54,56.2,21.2,98.81,8.9
158,Donovan Mitchell,UTA,21,79,46,33,33.4,107.3,100.9,6.4,18.9,1.35,14.6,2.3,10.3,6.3,10.8,50.6,54.1,28.8,98.35,10.9
159,Ante Zizic,CLE,21,32,21,11,6.7,107.2,114.1,-6.9,3.9,0.45,5.2,13.4,20.3,16.9,11.5,73.1,74.6,18.3,100.97,13.2
160,Patrick McCaw,GSW,22,57,41,16,16.9,107.2,107.9,-0.7,11.3,1.98,22.4,1.9,7.5,4.8,11.3,45.1,47.7,12.9,101.1,4.6
161,Rodney Hood,CLE,25,60,29,31,26.9,107.2,108.6,-1.4,9.7,1.36,9.8,1.6,10.2,5.9,7.2,51.3,54.6,24.7,98.05,9
162,George Hill,CLE,32,67,28,39,27,107.2,111.4,-4.2,14.5,2.11,21.9,2.6,9.1,5.8,10.4,54.3,58,16.4,97.05,7.9
163,Malcolm Brogdon,MIL,25,48,25,23,29.9,107.1,107.5,-0.4,16.5,2.3,20,1.9,11.2,6.5,8.7,54.7,57.8,19.3,97.85,9.4
164,Mason Plumlee,DEN,28,74,40,34,19.5,107.1,108.8,-1.7,14.5,1.38,20.5,10.5,20.3,15.5,14.9,60.1,58.6,16.6,99.92,9.8
165,London Perrantes,CLE,23,14,8,6,4.7,107,124.1,-17,10.2,5,23.6,1.9,7,4.1,4.7,15.4,23,10.8,95.78,-0.8
166,J.J. Barea,DAL,34,69,23,46,23.2,107,108.3,-1.3,42.6,3.03,33.1,1.1,13.2,7.1,10.9,52.2,54.5,24.9,97.46,13.3
167,Julyan Stone,CHA,29,23,10,13,7.6,107,101.2,5.9,18.7,3.71,55.5,0.6,16.6,8.8,14.9,69.2,68.4,5.2,101.52,6
168,Shaquille Harrison,PHX,24,23,3,20,16.7,107,104.2,2.9,19.9,2.5,25.3,2.8,14.5,8.9,10.1,50,54,17.9,103.84,10.1
169,Jayson Tatum,BOS,20,80,53,27,30.5,107,100.3,6.7,8.1,1.12,10.8,2.3,15.5,9.1,9.6,53.8,58.6,19.6,97.95,10.8
170,Markieff Morris,WAS,28,73,37,36,27,107,106.9,0.1,10.7,1.12,14,4.4,19.1,11.9,12.5,53.6,56.6,19.7,98.06,9.2
171,Ed Davis,POR,29,78,48,30,18.9,107,103.9,3.1,3.9,0.61,9,13.9,28.5,21.4,14.8,58.2,60.7,12.3,96.8,11.5
172,Tristan Thompson,CLE,27,53,27,26,20.2,107,112.1,-5.1,4.3,0.92,9.7,12.7,23.6,18.1,10.6,56.2,56.9,12.4,100.56,8.5
173,Frank Kaminsky,CHA,25,79,35,44,23.2,106.9,110,-3.1,11.3,1.95,12.9,2.7,15.4,8.7,6.6,50.1,54.5,20.8,99.15,9.8
174,Thabo Sefolosha,UTA,34,38,16,22,21.2,106.9,102.1,4.8,6.6,1.1,10.1,4.2,19.1,11.6,9.2,55.8,59.1,16.8,96.8,11.4
175,Isaiah Thomas,LAL,29,32,15,17,26.9,106.9,113.9,-7,26.8,1.61,21.1,2.1,6.2,4.2,13.1,43.8,50.8,28.1,103.96,7.7
176,Troy Williams,NYK,23,21,7,14,14.6,106.9,113.9,-7.1,7.1,0.84,10.2,8,15.2,11.6,12.1,51.8,54.4,19.6,101.16,7.9
177,Marcin Gortat,WAS,34,82,43,39,25.3,106.9,105,1.9,10.3,1.53,17.1,9.8,23.4,16.6,11.2,51.8,54.6,15.6,98.37,10.4
178,Joe Ingles,UTA,30,82,48,34,31.4,106.8,102.3,4.5,22.2,2.47,30,1.1,14,7.6,12.2,60.9,62.3,15.9,97.99,10.7
179,Rajon Rondo,NOP,32,65,41,24,26.2,106.8,106.3,0.5,40.6,3.53,44.5,2,14,8.2,12.6,51.8,52.2,16.6,104.13,11.5
180,Juancho Hernangomez,DEN,22,25,15,10,11.1,106.8,111.2,-4.4,6,1.33,11.8,6.8,15.6,10.9,8.9,48,51.1,13.8,97.72,6.1
181,Luke Kennard,DET,22,73,34,39,20,106.8,103,3.8,12.7,1.8,17.9,1.6,11.7,6.7,10,53,56,17.5,97.45,8.6
182,Bryn Forbes,SAS,24,80,46,34,19,106.8,103.2,3.5,7.7,2.16,12.4,0.9,7.4,4.1,5.7,51,52.5,16.6,97.54,5.5
183,Gerald Green,HOU,32,41,33,8,22.7,106.8,102.7,4.1,4.5,0.81,5,1.8,13.9,7.9,6.3,54,56.6,22.6,99.77,8.8
184,Jarrett Jack,NYK,34,62,26,36,25,106.7,108.2,-1.5,30.2,3.03,37.1,1.6,12,6.9,12.2,45.5,48.9,16.7,99.18,8.9
185,Bojan Bogdanovic,IND,29,80,47,33,30.8,106.7,104.3,2.4,7.1,1.12,10.2,1.4,10.8,6.1,9.1,56.5,60.5,19.1,98.48,9.1
186,Domantas Sabonis,IND,22,74,45,29,24.5,106.7,104.9,1.7,12.7,1.1,14.4,10.6,25.6,18.2,13.1,52.4,56.7,22,98.42,12.1
187,Ian Mahinmi,WAS,31,77,42,35,14.9,106.7,105,1.6,6.8,0.53,11.6,13.6,18.2,15.8,21.9,55.6,60.1,15.4,98.55,6.1
188,Tobias Harris,LAC,25,80,39,41,33.3,106.7,109.3,-2.6,11.5,1.83,11.9,2.4,16.3,9.2,6.5,53.5,56.5,23.2,99.53,11.3
189,Rashad Vaughn,ORL,21,28,13,15,7.6,106.6,108.6,-1.9,9,2.17,16.7,1.8,9.7,6,7.7,53.6,54.6,14.2,95.55,6.3
190,Ersan Ilyasova,PHI,31,69,36,33,25.1,106.6,105.1,1.5,7.8,1.25,10.8,7.6,18.2,12.9,8.6,52.6,55.8,18.7,100.89,9.9
191,Antonio Blakeney,CHI,21,19,3,16,16.5,106.6,109.4,-2.8,9.6,1.82,10.5,1.3,10,5.5,5.8,42.3,47.1,23.6,99.96,6.4
192,Alex Abrines,OKC,24,75,42,33,15.1,106.5,106.3,0.3,3.6,1.12,7.7,2.4,9.2,5.6,6.9,54,56.7,12.9,98.51,4.8
193,Jawun Evans,LAC,21,48,24,24,16.2,106.5,105,1.5,17.7,2.27,23.9,1.3,10.8,6,10.5,38.1,42.1,17.6,102.7,4.6
194,Dante Cunningham,BKN,31,73,34,39,21.4,106.5,106.5,0,4.2,1.45,10.3,5.4,15.4,10.4,7.1,53,53.9,11.8,102.41,6.5
195,Salah Mejri,DAL,32,61,21,40,11.9,106.5,103.7,2.8,7.1,0.9,14.6,12.7,24.4,18.5,16.2,64.2,64.4,12.9,95.97,10.3
196,Derrick Favors,UTA,26,77,46,31,28,106.5,103,3.4,7.5,1.16,10.3,10.8,18.4,14.7,8.9,57.3,59.3,18.6,96.8,11.9
197,Andre Roberson,OKC,26,39,24,15,26.6,106.5,96.4,10.1,5.9,1.53,18.1,7.8,12.4,10,11.8,56.2,54.3,8.7,97.4,6.5
198,Mike Scott,WAS,29,76,39,37,18.5,106.4,107.2,-0.8,9.3,1.01,11.2,4,16.1,10,11,59,59.9,20.1,98.92,9.6
199,Wayne Ellington,MIA,30,77,42,35,26.5,106.4,103.9,2.5,6,1.52,9.1,1.3,10.7,6,6,56.9,58.8,17.5,96.65,8.5
200,Quinn Cook,GSW,25,33,21,12,22.4,106.4,107.6,-1.2,17.9,2.78,23.2,1.5,10.6,6.1,8.3,57.5,59.3,18,99.1,8.7
201,Ish Smith,DET,29,82,39,43,24.9,106.3,104.9,1.4,27.3,3.33,27.3,1.4,10.7,6,8.2,50.7,52.5,20.7,99.26,10.6
202,Reggie Bullock,DET,27,62,32,30,27.9,106.3,105.6,0.7,8.1,2.02,13.4,1.6,8.1,4.8,6.6,60.3,61.5,15.5,99.55,8.4
203,CJ McCollum,POR,26,81,48,33,36.1,106.3,104.7,1.6,15.6,1.8,13.3,2,10,6,7.4,50.6,53.6,26.5,99.19,10.9
204,Malik Beasley,DEN,21,62,34,28,9.4,106.3,107.3,-1.1,7.7,1.29,12.5,2.6,10.7,6.6,9.7,48.9,50.9,15.9,100.98,6
205,Dirk Nowitzki,DAL,40,77,24,53,24.7,106.3,109.7,-3.4,9.8,2.35,12.3,1.3,25,13,5.2,54.7,57.5,20.6,97.47,11.9
206,Ekpe Udoh,UTA,31,63,36,27,12.9,106.2,101.3,4.9,9.3,2.65,24.4,9.4,12.2,10.7,9.2,50,56,9.3,97.52,7.2
207,Evan Fournier,ORL,25,57,20,37,32.2,106.2,109.3,-3.1,13.8,1.74,14.5,1.4,9.5,5.4,8.3,53.8,57.7,23,102.22,9.3
208,DeAndre Jordan,LAC,29,77,39,38,31.5,106.2,109,-2.8,7.4,0.85,12.1,15,37.7,26.4,14.1,64.5,64.8,15.3,99.97,15.2
209,Spencer Dinwiddie,BKN,25,80,28,52,28.8,106.2,108.9,-2.7,34.9,4.09,32.6,1.8,10.4,6.1,8,47.1,52.7,20.6,99.56,10.8
210,Thon Maker,MIL,21,74,40,34,16.7,106.2,110.4,-4.2,5.5,1.05,10.3,7.1,15.4,11.1,9.8,46,49.9,15,97.21,5
211,Trevor Booker,IND,30,68,36,32,17,106.2,106.6,-0.4,10.6,1.39,15.6,11,19.5,15.2,11.2,52.8,55.7,16.5,100.58,10
212,Lance Stephenson,IND,27,82,48,34,22.6,106.2,109.1,-2.9,18.6,1.79,20.8,3.8,23,13.2,11.6,47.5,49.5,21.5,97.92,9.7
213,Julius Randle,LAL,23,82,35,47,26.7,106.2,107.5,-1.3,15.8,0.99,13.9,9.2,22.7,16.2,14.1,56.3,60.6,25.6,102.09,13.5
214,Bobby Portis,CHI,23,73,25,48,22.5,106.1,109.2,-3,12.6,1.19,11.1,10.1,23.4,16.5,9.3,52,54.8,25.7,101.03,13.3
215,Alec Burks,UTA,26,64,37,27,16.5,106.1,105.8,0.3,10.4,1.12,11.2,2.1,18.9,10.5,10.1,46.7,52.7,22.9,97.02,10.1
216,Wade Baldwin IV,POR,22,7,4,3,11.5,106.1,101.9,4.2,9.3,1.25,14.5,1.6,10.3,6.1,11.6,76.2,74.8,16.7,97.79,9.4
217,Reggie Jackson,DET,28,45,27,18,26.7,106.1,105.9,0.2,33.1,2.4,24.5,2.6,9.3,5.8,10.2,47.1,51.6,27,97.61,10.8
218,Luke Babbitt,MIA,29,50,15,35,14.3,106,108.7,-2.7,6.4,1.63,11.3,1.1,14,7.6,6.9,56.3,57.6,15.1,99.78,6.8
219,Jabari Parker,MIL,23,31,16,15,24,106,109.5,-3.5,12.9,1.31,12.8,6.2,16.4,11.2,9.8,52.9,55,23.3,100.67,11.1
220,Lorenzo Brown,TOR,27,14,9,5,9.9,106,88.9,17.1,12.5,4.33,25.6,1,11,6.5,5.9,44.1,45.9,12.8,95.28,7.6
221,Rudy Gobert,UTA,26,56,37,19,32.4,106,97.7,8.3,6.8,0.75,10.5,10.5,26.2,18.6,14,62.2,65.7,16.6,98.97,14.7
222,Dwight Powell,DAL,26,79,23,56,21.2,106,106,0,8.5,1.54,13.8,8.9,21.3,15,8.9,62.6,65.6,15.6,96.93,11.9
223,Kyle Anderson,SAS,24,74,41,33,26.7,106,101.4,4.6,14.6,2.15,25.3,4.7,17.7,11.1,11.8,54.9,58.2,13.6,96.76,11.1
224,Tyrone Wallace,LAC,24,30,17,13,28.4,106,107,-1,11.5,1.54,17.8,2.7,10.2,6.6,11.5,46.6,51.7,16.3,103.59,6
225,Chandler Parsons,MEM,29,36,12,24,19.2,105.9,112.4,-6.5,15.8,1.97,19.7,2.4,13.3,7.7,10,57.1,57.8,18.6,97.22,9.2
226,Malcolm Miller,TOR,25,15,15,0,8.4,105.9,101.4,4.5,3.4,0.6,7.9,3.4,9.8,6.6,13.2,60.7,63.8,11.8,98.87,5.4
227,Kelly Oubre Jr.,WAS,22,81,43,38,27.5,105.9,107.5,-1.6,6.7,1.09,9.1,2.9,15.5,9.2,8.3,48.2,53.4,19.3,99.79,7.9
228,Jared Dudley,PHX,32,48,7,41,14.3,105.9,106.7,-0.8,15.3,2.79,32,1.3,14.8,7.7,11.5,51.2,55.3,10.4,101.16,6.2
229,Marcus Smart,BOS,24,54,38,16,29.9,105.9,99.4,6.5,23.4,2.01,26.9,2.9,9.7,6.3,13.4,44,47.9,19.2,99.13,7.5
230,Kyle O'Quinn,NYK,28,77,28,49,18,105.8,107.3,-1.5,16.6,1.58,22.6,10.1,27.7,19.1,14.3,58.9,62.5,17.3,98.41,13.7
231,Corey Brewer,OKC,32,72,32,40,16.8,105.8,108.4,-2.5,7.3,1.33,13.8,3.7,10,6.8,10.4,49.8,53.4,13.9,103.58,5.9
232,Tyreke Evans,MEM,28,52,19,33,30.9,105.8,105.6,0.3,30.4,2.3,20.9,3.2,15.6,9.4,9.1,52.3,56.1,28.6,96.45,16
233,Dwyane Wade,MIA,36,67,37,30,22.9,105.8,105.7,0.2,24.5,1.63,20.1,3.6,14.1,8.9,12.4,46.2,50,25.6,100.75,10.4
234,Josh Hart,LAL,23,63,27,36,23.2,105.8,107.7,-1.9,7.6,1.7,14.7,3.2,16,9.7,8.6,57.3,59.6,13.6,101.04,8.7
235,Jerami Grant,OKC,24,81,48,33,20.3,105.8,105,0.7,5.5,1.06,8.5,5.8,16.2,10.9,8,57,60.7,16.5,98.56,10.1
236,Shabazz Napier,POR,26,74,46,28,20.7,105.7,103.6,2.1,14.9,1.67,18,1.9,10.1,6.1,10.8,49.7,54.4,19.8,97.4,9.9
237,Anthony Tolliver,DET,33,79,37,42,22.2,105.7,104.8,1,7.6,1.55,13.3,3.1,12.2,7.6,8.5,63.2,66.3,15,98.17,8.6
238,Matthew Dellavedova,MIL,27,38,21,17,18.7,105.7,109.2,-3.5,29.6,2.96,40.5,2.3,8.6,5.4,13.7,45.7,50,13.9,96.54,6.1
239,Tyler Zeller,MIL,28,66,27,39,16.8,105.7,106.1,-0.3,6.3,1,10.2,10.5,18.5,14.5,10.2,57.5,59.8,16.1,100.69,9.6
240,Cory Joseph,IND,26,82,48,34,27,105.7,105.8,0,16.4,2.99,26.2,2,11.4,6.7,8.8,47.9,50.3,14.7,98.05,7.8
241,Andre Drummond,DET,24,78,37,41,33.7,105.7,106.9,-1.1,14,1.19,15.9,16.3,36.6,26.1,13.4,52.9,55.5,20.9,98.88,15.6
242,Ricky Rubio,UTA,27,77,44,33,29.3,105.6,101.3,4.4,28.3,1.98,26.4,2.2,15.5,8.9,13.3,47.6,53.7,22.9,97.62,11.5
243,Rudy Gay,SAS,31,57,36,21,21.6,105.6,103.9,1.7,9.7,0.94,9.7,6.8,19.7,13.2,10.4,50.6,54.5,24.2,97.45,12.5
244,Allen Crabbe,BKN,26,75,25,50,29.3,105.6,108.8,-3.2,8.2,1.5,10.8,1.3,14.4,7.8,7.2,52.9,55.8,18.8,101.62,8.4
245,Norman Powell,TOR,25,70,51,19,15.2,105.5,105.9,-0.4,12.2,1.35,16.3,1.5,11.4,6.4,12.1,47.2,49.2,19.2,99.41,5.6
246,Kristaps Porzingis,NYK,22,48,22,26,32.4,105.5,105.4,0.1,6.3,0.61,4.9,4.5,17.3,11.1,8,48.9,53.9,31.1,99.11,12.5
247,Omer Asik,CHI,31,18,7,11,10.1,105.5,112.1,-6.6,2,0.33,7.6,5.9,23.9,15.1,22.7,40.9,39.7,9.1,99.81,2.7
248,C.J. Williams,LAC,28,38,17,21,18.6,105.5,106.7,-1.2,8.6,2.15,16.1,1.9,6.6,4.3,7.5,49.7,51.2,13.8,100.39,5.3
249,James Johnson,MIA,31,73,37,36,26.6,105.4,104.9,0.5,22,1.99,25.3,3.6,16.8,10.3,12.7,55,57.5,19.1,98.38,11.2
250,Wesley Johnson,LAC,30,74,38,36,20.1,105.4,106.9,-1.5,5.6,1.11,12,2.2,13.6,8,10.8,48.9,51.2,13,101.88,5.8
251,Tim Hardaway Jr.,NYK,26,57,19,38,33.1,105.4,109.2,-3.8,12.3,1.68,13.1,1.8,11.1,6.4,7.8,49.6,53.3,23.2,100.62,9.1
252,Gorgui Dieng,MIN,28,79,45,34,16.9,105.4,111,-5.6,8,1.2,12.6,8.7,23.1,15.6,10.5,50.4,54.3,16.4,98.91,9.3
253,Kyle Collinsworth,DAL,26,32,9,23,15,105.4,107.8,-2.4,16.3,2.33,28.5,6.7,18.8,12.2,12.2,40.4,43.3,12.9,97.16,6.6
254,Michael Beasley,NYK,29,74,24,50,22.3,105.3,110.8,-5.5,12.2,0.86,10.8,6.5,21.4,13.9,12.5,52.8,55.6,26.6,99.46,12.2
255,Marco Belinelli,PHI,32,80,39,41,24.3,105.3,107.2,-1.9,11.5,1.57,13.7,1.1,7.6,4.3,8.7,53.9,58.1,20.4,100.85,9.3
256,Rondae Hollis-Jefferson,BKN,23,68,26,42,28.2,105.3,108.4,-3.1,14.3,1.38,14.5,5.5,19.7,12.6,10.5,48.1,54.8,22.2,102.02,11.9
257,Cody Zeller,CHA,25,33,14,19,19,105.3,105,0.3,7.5,0.94,12,11.4,20.9,15.9,12.8,55.1,60.2,15.6,100.4,9.6
258,Jusuf Nurkic,POR,23,79,48,31,26.4,105.3,102.2,3.1,11.5,0.78,10.2,9.7,26.5,18.1,13.1,50.5,52.8,26.2,99.81,12.7
259,Davis Bertans,SAS,25,77,43,34,14.1,105.3,101.6,3.7,10.2,2.06,14.9,1.9,13.8,7.9,7.2,56.8,58.8,17.5,97.6,9.2
260,Richaun Holmes,PHI,24,48,30,18,15.5,105.3,106.2,-0.9,12.2,2.44,17.3,8.4,20.6,14.8,7.1,56.8,58.5,16.6,102.63,11.5
261,Dwayne Bacon,CHA,22,53,25,28,13.5,105.2,103.9,1.3,7.7,1.65,14.4,0.6,17.6,9,8.7,40.4,43.1,13.7,101.55,5.8
262,Tony Allen,NOP,36,22,12,10,12.4,105.2,103.7,1.6,5.1,0.47,7,8.5,10.3,9.4,14.8,50.5,51.4,19.1,102.96,3.6
263,Nikola Vucevic,ORL,27,57,17,40,29.5,105.2,106.5,-1.3,18.4,1.75,16.2,6.6,27.4,17,9.2,51.3,53.3,25.6,102.38,13.9
264,Quincy Acy,BKN,27,70,26,44,19.4,105.2,108.1,-2.9,6.1,0.95,11.2,3.2,17.2,10.2,11.8,49.6,52.5,14.6,100.03,5.8
265,Larry Drew II,NOP,28,10,6,4,7,105.2,113.1,-7.9,19.6,3.33,27,4.8,0,2.4,8.1,35.4,35.4,17.9,94.48,0.9
266,Jamil Wilson,LAC,27,15,6,9,18.3,105.2,104.1,1,5.6,1.25,9.9,1.2,11.4,6.2,7.9,63.6,63.4,14.8,98.11,6.7
267,Tyler Johnson,MIA,26,72,39,33,28.5,105.1,103.9,1.2,12.3,2.04,16.3,1.9,11.9,6.8,8,51.8,54.9,18.5,98.1,8.7
268,Gian Clavell,DAL,24,7,0,7,9.1,105.1,91.7,13.4,7.1,1.5,12.6,1.7,11.1,6.2,8.4,50,53,15,100.02,4.5
269,Myke Henry,MEM,25,20,3,17,18.9,105.1,110.7,-5.6,8.3,1.16,14.2,2.9,9.2,5.8,12.3,46.3,47.2,15.2,98.99,5.3
270,John Holland,CLE,29,24,17,7,7.3,105.1,112.5,-7.4,4,0.63,6.4,4.1,11.9,8.1,10.3,38.1,41.7,18.6,100.41,3.4
271,DeMarre Carroll,BKN,31,73,25,48,29.9,105.1,107.7,-2.6,10.6,1.43,12.9,5,18.3,11.6,9,50.6,55,19.7,100.61,10.1
272,Tyler Cavanaugh,ATL,24,39,11,28,13.3,105,108.2,-3.1,7.6,1.93,13.4,9.4,19.7,14.2,6.9,54.6,56.7,14.5,100.72,8.1
273,Kentavious Caldwell-Pope,LAL,25,74,31,43,33.2,105,106,-1,9.3,1.67,14.2,2.6,14.2,8.4,8.5,52.6,56.1,16.9,102.76,9.2
274,Al Jefferson,IND,33,36,17,19,13.4,105,107.9,-2.9,9.8,1.43,10.9,7,25.9,16.5,7.6,53.4,56.3,22.7,98,13.5
275,Goran Dragic,MIA,32,75,39,36,31.7,105,104.9,0.1,24.5,2.16,20.9,2.5,11.9,7.2,9.7,50.2,54.3,25.4,98.56,11.6
276,Brook Lopez,LAL,30,74,34,40,23.4,105,107.8,-2.8,11.3,1.29,11.6,4.6,13.1,8.9,9,53.6,55.7,23.4,103.05,9.2
277,Alex Poythress,IND,24,25,10,15,4.2,105,116.5,-11.5,2.6,1,6.7,7.1,12.7,9.6,6.7,50,50,11.9,96.4,3.2
278,Danny Green,SAS,31,70,40,30,25.6,104.9,102.3,2.6,8.9,1.49,14.2,2.5,12.7,7.6,9.6,49,50.9,16.6,96.06,7.3
279,Aaron Gordon,ORL,22,58,19,39,32.9,104.8,107.1,-2.3,11.1,1.27,11.3,4.9,21.3,13,8.9,50,53,24.3,101.74,11.3
280,Maurice Harkless,POR,25,59,36,23,21.4,104.8,104.9,-0.1,6.1,1.33,12.7,4.1,10.1,7.1,9.6,57.7,59.6,12.6,99.2,7.2
281,Khem Birch,ORL,25,42,14,28,13.8,104.7,104.5,0.2,8.8,1.62,16.4,13.1,21.9,17.4,10.1,54,58.2,13.2,97.12,10.9
282,James Michael McAdoo,PHI,25,3,1,2,6,104.7,101.2,3.5,0,0,0,0,13.3,6.1,11.3,42.9,50.8,22.1,102.58,4.6
283,Marcus Morris,BOS,28,54,34,20,26.7,104.7,104.8,-0.1,8.2,1.11,8.8,3.3,18.9,11,8,49.9,54.1,22.7,99.31,10.6
284,Larry Nance Jr.,CLE,25,66,32,34,21.5,104.7,103.2,1.5,8.5,1.61,13.5,11.9,22.6,17.1,8.4,58.4,60.5,15.8,101.48,12.8
285,Jarell Eddie,CHI,26,3,1,2,2.9,104.7,101.4,3.2,0,0,0,0,16.7,6.3,0,0,0,10.4,94.59,0
286,D'Angelo Russell,BKN,22,48,16,32,25.7,104.6,111.7,-7.1,34.8,1.69,22.1,2.5,13.7,8,13.1,48.1,50.9,30.1,103.66,10.9
287,Marreese Speights,ORL,30,52,15,37,13,104.5,104.1,0.5,10.4,1,8.8,3.4,17.7,10.7,8.8,51.9,53.9,27.1,99.37,8.9
288,Meyers Leonard,POR,26,33,17,16,7.7,104.5,114.4,-9.8,11,1.7,15.5,5.3,28,16.1,9.1,66,67.6,16.3,99.24,12
289,Danilo Gallinari,LAC,29,21,11,10,32,104.5,104.2,0.3,9.7,1.58,11.3,1.4,14.7,8.1,7.2,46.9,54.5,21,97.97,10.2
290,Tony Parker,SAS,36,55,32,23,19.5,104.5,105.3,-0.8,28.2,2.87,28.5,0.7,9.3,4.9,9.9,47.2,49.8,20.6,97.15,9.4
291,David West,GSW,37,73,52,21,13.7,104.5,99.5,5,22,1.73,21.9,7.8,18.6,13.5,12.7,57.5,60,22.7,97.31,14.5
292,Joe Harris,BKN,26,78,27,51,25.3,104.5,108.4,-3.9,10.1,1.41,14.5,2.8,11.4,7.1,10.3,61.2,63.4,16.6,100.88,8.9
293,Enes Kanter,NYK,26,71,27,44,25.8,104.5,110.7,-6.2,9.1,0.86,10.3,16.5,31.1,23.7,11.9,59.2,63,21.5,99.35,16.1
294,Jordan Clarkson,CLE,26,81,40,41,23.3,104.4,105.3,-0.8,19.3,1.74,15.9,3.3,9.2,6.3,9.2,50.9,54.2,26.4,101.81,11.5
295,Brandan Wright,HOU,30,28,11,17,13.6,104.4,98.5,5.9,5.6,1.63,9.5,10,18.7,14.3,5.8,57.8,59.6,14.6,96.91,14
296,Danuel House,PHX,25,23,6,17,17.5,104.4,104.8,-0.4,9.2,2.27,14,3.7,16.2,10.3,6.2,49.2,53.3,16.6,101.18,9.1
297,Travis Wear,LAL,27,17,7,10,13.4,104.4,103.2,1.2,4.5,1.17,7.9,0,18.2,9.2,6.8,46.5,49.7,15.8,100.19,5.2
298,Kyle Kuzma,LAL,22,77,34,43,31.2,104.4,106.4,-2,9.1,1.01,10,3.9,17.4,10.7,9.9,52.7,54.9,22.4,102.79,10.4
299,Mike James,NOP,27,36,11,25,19.1,104.4,107,-2.7,27.9,2.57,23.6,1.9,11.9,6.7,9.2,42.4,46.9,24.4,104.92,10
300,Jameer Nelson,DET,36,50,25,25,20.3,104.3,108.5,-4.2,25.5,2.67,35.9,1.5,10,5.8,13.4,47.3,48.9,14.2,99.83,6.5
301,Josh Richardson,MIA,24,81,44,37,33.2,104.3,103.6,0.7,13.1,1.65,17.5,2.9,9.1,6,10.6,52.3,55.1,18.1,97.97,8.6
302,Yogi Ferrell,DAL,25,82,24,58,27.8,104.2,103.8,0.4,13.7,2.58,19.1,1.2,11,6,7.4,51.8,54,17.1,96.99,8.2
303,Tyler Lydon,DEN,22,1,1,0,2.2,104.2,225,-120.8,0,0,0,0,0,0,0,0,0,0,76.21,0
304,Skal Labissiere,SAC,22,60,19,41,20.7,104.1,108.8,-4.7,8.8,0.99,11,8.8,17.8,13.2,11.1,46.7,51.3,20.9,97.85,8.5
305,Chris McCullough,WAS,23,19,11,8,4.7,104,111.2,-7.1,8.2,2,7.4,8.2,22,15,3.7,44,47.8,23,104.35,10.3
306,Terry Rozier,BOS,24,80,54,26,25.9,104,101,3,18.4,2.9,19.7,3.3,16.4,9.8,6.8,49.1,52,20.4,98.03,11.7
307,Jarrett Allen,BKN,20,72,25,47,20,104,107.6,-3.6,5.5,0.6,8.3,10.7,17.8,14.2,13.8,59.6,63.6,16.5,100.27,10.8
308,Doug McDermott,DAL,26,81,30,51,21.8,104,105.7,-1.7,6.5,1.41,11.6,2.5,9.9,6.2,8.3,55.7,57.9,14.9,98.98,6.9
309,Sindarius Thornwell,LAC,23,73,36,37,15.8,104,105.3,-1.3,8.1,1.28,17.3,3.2,9.9,6.6,13.5,47.9,51.9,12.3,101.17,4.5
310,Shabazz Muhammad,MIL,25,43,25,18,9.7,104,115.2,-11.2,5.5,2.33,6.1,6.2,15.1,10.5,2.6,46.5,51,23,99.51,9
311,Kenneth Faried,DEN,28,32,16,16,14.4,103.9,108.6,-4.6,6.4,0.78,8.5,15.5,21.1,18.2,10.9,51.4,55.2,17.8,98.15,10.8
312,Michael Carter-Williams,CHA,26,52,23,29,16.1,103.9,107.1,-3.2,21.4,2.23,26.6,4.5,14.9,9.2,11.9,36.2,44.6,16.9,97.49,7
313,Vander Blue,LAL,25,5,1,4,9,103.9,88,15.9,8.6,1,25.3,0,2.6,1.4,25.3,20,25.5,8.5,100.77,-1.4
314,Willy Hernangomez,CHA,24,48,20,28,10.3,103.9,105.3,-1.4,10.9,0.94,12.2,13,27.6,20.1,12.9,57,60.4,20.9,99.76,13.4
315,Terrance Ferguson,OKC,20,61,37,24,12.5,103.9,110.3,-6.4,3.5,1.73,9.3,2.7,4.3,3.4,5.4,53.3,54.5,10.5,97.58,2.8
316,Aron Baynes,BOS,31,81,54,27,18.3,103.9,97,6.9,9.5,1.16,14.2,9.7,21.6,15.8,12.2,47.4,50.2,17,97.23,8.7
317,Glenn Robinson III,IND,24,23,14,9,14.7,103.9,104.9,-1,6.8,3.4,15.2,3.5,8.5,6,4.5,50.6,52.9,12.3,98.09,7.1
318,Stanley Johnson,DET,22,69,33,36,27.4,103.8,104.2,-0.4,8.6,1.45,13.8,1.9,13,7.3,9.5,43.5,48,16.4,98.64,5.9
319,Dejounte Murray,SAS,21,81,47,34,21.5,103.8,98.1,5.7,20.2,1.72,22.2,6.8,22,14.3,12.9,45.1,48.5,20.7,97.16,11.7
320,Jonathon Simmons,ORL,28,69,21,48,29.4,103.8,110.9,-7.2,13.1,1.17,14.4,3.3,9.8,6.5,12.3,51.1,55.5,22,100.34,7.7
321,Cheick Diallo,NOP,21,52,29,23,11.2,103.8,110.9,-7.1,4.8,0.68,7.5,8.9,29.4,19.4,11.1,58,61.9,17.4,102.13,11.8
322,Courtney Lee,NYK,32,76,27,49,30.4,103.7,109.8,-6,11.3,2.14,16.8,1.5,9.3,5.4,7.8,52.9,56.4,16.9,99.2,8.5
323,Justise Winslow,MIA,22,68,33,35,24.7,103.7,102.1,1.6,13.4,1.92,19.5,4.2,20.1,12.1,10.1,47.4,49.6,16.3,98.19,9.2
324,Tim Frazier,WAS,27,59,31,28,14.2,103.7,107.8,-4.2,32.7,3.4,44.5,2.4,13.9,8,13.1,44.5,47.5,13,97.44,8.5
325,Daniel Theis,BOS,26,63,44,19,14.9,103.7,102,1.6,9.9,1,14.7,10.5,21.7,16,14.7,57.9,61.6,15.5,97.75,10.5
326,Amir Johnson,PHI,31,74,47,27,15.8,103.6,101.3,2.3,13.7,2.15,25.1,11.6,19,15.3,11.7,55.8,57.5,12.8,102.89,8.8
327,Kent Bazemore,ATL,28,65,19,46,27.5,103.6,107.4,-3.7,19.9,1.45,19.8,1.6,13.9,7.8,13.7,50,54.7,22.7,100.23,9.9
328,Dennis Schroder,ATL,24,67,21,46,31,103.6,110.2,-6.6,35.2,2.28,22.4,2.4,9,5.7,9.8,46.9,51.5,30.5,100.46,11.6
329,Jodie Meeks,WAS,30,77,41,36,14.5,103.6,108.7,-5.1,10,1.89,12.7,1.5,11.8,6.4,6.7,49.1,54.8,18.9,99.54,9.2
330,Tony Bradley,UTA,20,9,6,3,3.2,103.5,97.5,6,5.6,0,7.8,11.1,28,18,0,27.3,33.7,17.5,99.33,8.8
331,Raymond Felton,OKC,34,82,48,34,16.6,103.5,105.1,-1.7,25.5,2.67,23.9,2,11.2,6.5,8.9,47.9,49.4,21.6,95.72,10.1
332,Evan Turner,POR,29,79,48,31,25.7,103.5,105,-1.5,12.8,1.75,19.3,1.6,11.2,6.4,11,48.4,52,15.6,99.2,7.1
333,TJ Leaf,IND,21,53,31,22,8.7,103.5,113.6,-10.1,2.8,0.9,5.6,6.7,13.6,10,6.2,53.7,54.5,14.4,98.94,6.1
334,Lonzo Ball,LAL,20,52,24,28,34.2,103.4,104.1,-0.6,28.8,2.76,34,4,17,10.5,12.3,44,44.4,17.2,104.22,9.8
335,Frank Mason,SAC,24,52,17,35,18.9,103.4,105.3,-1.9,23.3,2.26,22.9,3.4,12.3,7.7,10.1,42,48,23.1,94.53,9.1
336,Treveon Graham,CHA,24,63,28,35,16.7,103.4,108.3,-4.9,8.2,2.19,17.7,4.1,8.8,6.3,8.1,52.5,55.3,11.5,99.23,4.7
337,Timothe Luwawu-Cabarrot,PHI,23,52,29,23,15.5,103.4,102.7,0.7,9.8,1.42,14,1.9,7.2,4.6,9.9,47.4,51.1,17.4,102.48,4.1
338,Terrence Ross,ORL,27,24,10,14,25,103.4,105.7,-2.3,8.8,1.31,13.9,1.8,11.4,6.5,10.6,47.6,50.5,17,103.45,6.1
339,Solomon Hill,NOP,27,12,8,4,15.6,103.4,106.3,-2.9,14,2.44,29.5,5,14,9.7,12.1,31.7,33.2,11.6,107.16,3.3
340,Emeka Okafor,NOP,35,26,16,10,13.6,103.3,100.5,2.7,2.8,0.62,6.4,13,19.8,16.5,10.3,50.5,54.5,13.7,106.16,9.6
341,Mike Muscala,ATL,26,53,14,39,20,103.2,108.1,-4.9,7.4,1.21,11.8,5.7,17.1,11.5,9.7,55.8,59.7,15.4,102.53,9.6
342,Isaiah Taylor,ATL,23,67,18,49,17.4,103.2,105.6,-2.4,27.2,2.45,27.8,2.1,6.6,4.4,11.3,44.4,49.2,20,100.99,6.9
343,Avery Bradley,LAC,27,46,22,24,31.2,103.2,107,-3.8,10.5,0.93,11,1.6,7.6,4.5,11.8,47.4,49.6,23.3,98.7,6
344,Thomas Bryant,LAL,20,15,7,8,4.8,103.2,106.4,-3.3,12.8,3,18.2,4.5,22.6,13.2,6.1,40.5,44.1,16.7,99.77,7.5
345,Mike Conley,MEM,30,12,7,5,31.1,103.2,103.1,0.1,23.4,2.72,18.6,0,8,4.1,6.8,45.2,52,27.1,96.32,11
346,T.J. McConnell,PHI,26,76,50,26,22.4,103.2,104.2,-1,25.8,2.71,35.5,2.4,11.6,7.1,13.1,53.1,54.5,13.8,102.47,9.9
347,Wesley Matthews,DAL,31,63,20,43,33.8,103.1,111.1,-7.9,12.5,2.07,17.3,1.4,9.5,5.2,8.3,51.6,54.1,17.7,97.37,7.1
348,Josh Magette,ATL,28,18,3,15,12,103.1,105.6,-2.5,37,6.33,49.3,1,8.8,4.9,7.8,41.3,46.4,12.2,98.67,8.6
349,Brandon Ingram,LAL,20,59,27,32,33.5,103,106,-2.9,17.7,1.54,18.2,3,13.7,8.4,11.8,49.7,53.6,22,103.01,9.6
350,Taurean Prince,ATL,24,82,24,58,30,102.9,109.8,-6.9,13.5,1.12,14.7,2.3,15.4,8.8,13.1,51.6,54.9,22.1,101.19,9
351,Guerschon Yabusele,BOS,22,33,24,9,7.1,102.9,104.6,-1.7,10.7,1.33,16.2,7.1,16.4,11.5,12.2,52.5,55.9,15.1,97.75,8
352,Justin Holiday,CHI,29,72,24,48,31.5,102.9,107.5,-4.7,9.7,1.65,13.9,1.4,12.5,6.8,8.5,47.4,51.3,18.1,101.36,6.9
353,Elfrid Payton,PHX,24,63,13,50,28.7,102.9,114.3,-11.5,32.8,2.34,30.2,3.7,13,8.2,12.9,51.6,53.8,21.5,102.55,10.8
354,Sterling Brown,MIL,23,54,26,28,14.4,102.8,103.7,-0.9,4.9,1,9.4,3.9,17,10.4,9.4,47.8,50.3,13.9,98.36,6.3
355,Monte Morris,DEN,23,3,2,1,8.4,102.8,112.6,-9.9,36.8,7,47,0,9.5,4.8,6.7,66.7,72.7,13.9,103.04,16.7
356,Harrison Barnes,DAL,26,77,24,53,34.2,102.7,108.7,-6,10.1,1.29,9.4,3.1,17.2,9.8,7.3,49.4,53.9,25.3,97.63,11.4
357,Derrick White,SAS,23,17,7,10,8.2,102.7,88.6,14.1,9.8,1.5,15.8,3.9,14.9,9.6,10.6,60.6,64.6,14.9,101.97,12.4
358,Patrick Patterson,OKC,29,82,48,34,15.5,102.7,104.9,-2.2,6.8,1.73,15.1,2.7,14.8,8.6,8.8,52.3,55.5,11.4,96.7,7.4
359,Jordan Mickey,MIA,23,23,15,8,12.4,102.6,109.2,-6.5,5.1,0.5,7.7,7.6,25.3,16.6,15.3,48.8,51.5,17.6,94.64,8
360,Markelle Fultz,PHI,20,14,11,3,18.1,102.6,96.9,5.7,29.4,3.12,27.9,4.4,11.9,8.3,8.9,40.5,41.6,22.6,105.97,9.4
361,Pau Gasol,SAS,37,77,45,32,23.5,102.6,101.3,1.3,20.8,2.2,22.3,7.7,28.5,18.2,10.1,49.2,53.9,20.5,97.15,15
362,Buddy Hield,SAC,24,80,27,53,25.3,102.6,106.5,-3.9,12.7,1.25,12.4,3,14.9,8.7,9.9,54,55.7,24.3,96.83,10.9
363,Dwight Buycks,DET,29,29,10,19,14.7,102.5,100.7,1.9,24,1.51,18.8,3.2,7.6,5.4,12.4,45.2,49.8,27.4,96.43,8.4
364,Okaro White,CLE,25,6,2,4,13.3,102.5,103,-0.5,3.4,2,9.8,4.5,11,7.9,4.9,56.3,57.7,10.5,98.32,5.7
365,James Ennis III,DET,27,72,25,47,22.3,102.5,107,-4.5,6.9,1.27,12.6,5.2,11,8,10,54,58.8,13.8,97.28,7.3
366,David Nwaba,CHI,25,70,26,44,23.5,102.5,108.9,-6.5,9.4,1.35,15,5.7,15.9,10.6,11.1,49.9,54.2,15.5,100.69,7.5
367,Mario Hezonja,ORL,23,75,21,54,22.1,102.4,109.5,-7.1,10.1,1.23,12.4,2.8,16.1,9.5,10.1,51.5,54.4,20,99.33,9.4
368,Shelvin Mack,ORL,28,69,21,48,19.8,102.3,105.2,-2.9,30.8,3.06,33.3,1.9,11.8,6.9,10.9,48.8,51.8,17.9,98.3,10.3
369,Jerryd Bayless,PHI,29,39,21,18,23.7,102.3,105.7,-3.4,8.5,1.17,14.2,1.8,7.6,4.7,12.1,51.9,54.6,15,102.85,4.7
370,Alex Caruso,LAL,24,37,16,21,15.2,102.3,101.5,0.8,18.5,1.79,30.5,2.9,9.7,6.3,17.1,48.7,51.9,13.2,101.41,6.2
371,Caris LeVert,BKN,23,71,25,46,26.2,102.3,108.4,-6.2,26.5,1.95,23.6,3,11.8,7.3,12.1,49.3,52.5,22.4,101.92,9.9
372,Aaron Brooks,MIN,33,32,19,13,5.9,102.2,119.1,-16.9,16.1,1.82,19.1,4,6.4,5.1,10.5,48.6,50.8,20.1,97.59,4.4
373,Frank Ntilikina,NYK,19,78,28,50,21.9,102.2,104.9,-2.8,21,1.91,27.4,2.4,9,5.7,14.4,41.4,43.7,17.1,98.73,4.8
374,Langston Galloway,DET,26,58,28,30,14.9,102.2,98.5,3.7,10.5,3.22,13.4,1.6,10,5.8,4.1,48.1,50.3,19.5,97.52,8.6
375,Deyonta Davis,MEM,21,62,16,46,15.2,102.1,109.4,-7.3,6.8,1.25,11,9,20.7,14.9,8.8,60.8,62.1,15,99.39,10.8
376,Bam Adebayo,MIA,20,69,34,35,19.8,102.1,102.1,0,11.5,1.53,17.2,9.8,22,15.9,11.3,51.2,57,16.2,96.4,11.1
377,TJ Warren,PHX,24,65,18,47,33,102.1,111.6,-9.5,6.9,1,6.3,6.2,10.5,8.3,6.3,50.7,54.1,24.9,102.6,10.7
378,Malcolm Delaney,ATL,29,54,16,38,18.8,102,106.8,-4.7,24.4,2.47,29.4,1,10.4,5.7,11.9,46.3,51.9,17,99.56,8.1
379,Isaiah Hicks,NYK,23,18,4,14,13.3,102,107.8,-5.8,9.8,1,14.3,4.7,13.9,9.4,14.3,47.2,50.1,17.9,101.15,3.3
380,Damian Jones,GSW,22,15,7,8,5.9,102,99.8,2.2,3.7,0.5,6.6,6.7,10.7,8.8,13.2,50,51.7,15.1,96.55,3.3
381,Dennis Smith Jr.,DAL,20,69,22,47,29.7,102,110.1,-8.1,30.1,1.85,21.6,2.6,11.8,7,11.7,44.6,47.3,28.7,98.38,8.7
382,Dewayne Dedmon,ATL,28,62,18,44,24.9,102,107.6,-5.6,9,1.05,13,7.5,27.5,17.8,12.4,57.7,59.9,17.2,100.6,11.8
383,Vince Carter,SAC,41,58,20,38,17.7,102,106.2,-4.2,9.9,1.92,17.1,1.9,15,8.2,8.9,50.4,52.3,14.7,96.83,7.3
384,Mario Chalmers,MEM,32,66,21,45,21.5,101.9,105.3,-3.4,21.4,1.68,24.1,1,11.9,6.3,14.3,43.9,50.3,19.1,99.58,7.2
385,Joe Young,IND,26,53,28,25,10.5,101.9,107.4,-5.5,10.3,1.5,14.8,2.3,10.2,6.2,9.9,49.7,52.1,17.8,97.45,7
386,Bogdan Bogdanovic,SAC,25,78,26,52,27.9,101.8,110.8,-8.9,18.3,2.06,21.4,1.6,10.7,5.9,10.4,52.9,55.6,19.6,97.36,8.7
387,Marc Gasol,MEM,33,73,21,52,33,101.7,108.2,-6.5,22.5,1.57,18.2,3.7,25.6,14.4,11.5,47.3,53.2,26.1,96.18,14
388,Tyler Ennis,LAL,23,54,22,32,12.7,101.6,102.2,-0.6,23.4,2.76,27.6,3,11.4,7.3,10,45.1,47.3,17.5,101.46,8.1
389,Zach LaVine,CHI,23,24,9,15,27.3,101.6,114.8,-13.2,18.7,1.67,13.9,1.4,15,7.8,8.3,44.2,49.9,29.6,100.71,9.2
390,Lance Thomas,NYK,30,73,25,48,18.5,101.6,107.8,-6.2,4.4,1.1,11.8,3.7,11.1,7.4,10.7,47.6,51.3,10.9,98.03,3.7
391,Dillon Brooks,MEM,22,82,22,60,28.7,101.5,106.9,-5.3,9.2,1.09,12.2,2.4,10.4,6.3,11.2,50.1,53.1,18.8,96.56,6.3
392,Maxi Kleber,DAL,26,72,20,52,16.8,101.5,105.3,-3.8,6.6,1.7,12.3,6.1,15.6,10.6,7.2,55.3,57.6,13.8,97.9,8
393,Joe Johnson,HOU,37,55,35,20,21.9,101.5,105.4,-3.8,10.9,1.69,16.2,1.3,14.4,7.8,9.6,46.1,49,16.1,97.87,7
394,Devin Booker,PHX,21,54,16,38,34.5,101.5,111.6,-10.1,23.3,1.3,15.4,1.5,12.6,7,11.8,50.1,56.1,30.9,104.68,12.3
395,Cameron Payne,CHI,23,25,7,18,23.3,101.5,110.2,-8.7,29.4,3.14,30.5,3.1,9.8,6.2,9.7,48.6,49.8,18.7,101.46,8.8
396,D.J. Augustin,ORL,30,75,23,52,23.5,101.5,105.5,-4,25.1,2.33,27.8,1.8,8.2,5,11.9,55.7,61.5,18.6,100.51,10.7
397,Hassan Whiteside,MIA,29,54,30,24,25.3,101.4,103.8,-2.4,6.8,0.59,6.7,13.5,35.4,24.2,11.4,54.2,57.3,24,99.19,17.6
398,Alex Len,PHX,25,69,20,49,20.2,101.4,110.2,-8.8,9.3,1.05,12.8,13.3,26,19.7,12.2,56.7,61.2,16.9,103.36,12.9
399,JaMychal Green,MEM,28,55,11,44,28,101.4,110.4,-9,8.2,1.04,11.4,10.9,24.5,17.5,11,50.1,53,18.1,95.81,10.1
400,Emmanuel Mudiay,NYK,22,64,29,35,19.4,101.4,113,-11.6,25.4,1.82,22.8,2.2,11,6.5,12.5,43.3,47.4,23.7,101.12,8.1
401,DeAndre' Bembry,ATL,23,26,8,18,17.5,101.4,105.3,-3.9,16.6,1.04,20.5,2,16.4,9.1,19.7,45.7,47.7,18.6,100.51,6.3
402,Joffrey Lauvergne,SAS,26,55,30,25,9.7,101.4,107.2,-5.8,12.1,1.24,14.4,13.6,23.8,18.6,11.6,51.6,53.6,19.9,99.73,11.9
403,Dakari Johnson,OKC,22,31,21,10,5.2,101.3,90.5,10.7,8.3,2.67,13.6,10.9,12.7,11.8,5.1,56.4,57.5,14.2,94.93,8.9
404,Jamel Artis,ORL,25,15,4,11,18.6,101.3,105.1,-3.9,9.8,2.25,16.3,1.5,13.5,7.3,7.3,44.3,45.7,14.5,97.88,6.2
405,Sean Kilpatrick,CHI,28,52,22,30,12.3,101.2,110.7,-9.4,12.1,1.21,11.2,0.8,14.7,7.4,9.3,45.2,50.7,24.7,100.05,8.6
406,Luke Kornet,NYK,22,20,6,14,16.3,101.1,112.8,-11.7,11.4,2.17,15.5,3.5,18.2,10.6,7.1,50.4,51.6,19.2,100.19,8.3
407,Dorian Finney-Smith,DAL,25,21,4,17,21.3,101.1,103.1,-2,8.6,1.24,14.9,4.8,13.6,8.8,12,46.3,48.2,14.8,97.06,5.1
408,Bruno Caboclo,SAC,22,12,4,8,8.8,101.1,94.8,6.2,5.6,1,9.6,7,17.9,12,9.6,33.9,38.6,16,95.79,5.2
409,Ivan Rabb,MEM,21,36,6,30,14.3,101,111.6,-10.6,9.5,0.91,13.6,11.6,24.9,18,14.9,56.6,59.9,17.1,99.22,11.1
410,Kris Dunn,CHI,24,52,19,33,29.3,101,110.1,-9.1,31.9,2.07,26.4,1.6,14.4,7.8,12.8,46.2,48.8,24.7,101.43,9.5
411,Zach Randolph,SAC,36,59,18,41,25.6,101,114.3,-13.3,14.6,1.09,12.1,7.1,24,15.2,11,50.7,52.9,27.5,97.07,12.2
412,Troy Daniels,PHX,26,79,20,59,20.5,101,113.3,-12.4,4.7,0.86,6.8,0.8,7.9,4.2,7.9,56.3,58.3,17.4,101.63,5.8
413,Noah Vonleh,CHI,22,54,24,30,16.2,101,104.7,-3.8,5.9,1.1,10.5,8.6,29.2,18.9,9.6,48.7,50.9,14.5,99.1,10.8
414,Arron Afflalo,ORL,32,53,16,37,12.9,100.9,106.4,-5.4,6.6,1.43,13.4,0.7,9.6,5.3,9.4,48.5,51.6,13,98.34,4.2
415,Wayne Selden,MEM,23,35,10,25,19.8,100.9,108.7,-7.8,15.4,1.22,15.9,2.6,6.9,4.7,13,52.2,55.1,22.1,99.97,7.2
416,Kawhi Leonard,SAS,27,9,5,4,23.3,100.9,95.2,5.7,19.1,1.31,12.7,3.1,17.5,10.5,9.7,51.8,57.2,31.3,98.11,18.2
417,Tyler Dorsey,ATL,22,56,15,41,17.4,100.9,109.4,-8.5,12.8,2.14,15,1.9,12.5,7.2,7,47.1,49.4,20,100.76,7
418,Shane Larkin,BOS,25,54,39,15,14.3,100.8,99,1.9,21,2.97,26.8,2.1,11.2,6.6,9,45.4,49.1,15.8,95.79,8.4
419,Ramon Sessions,WAS,32,28,10,18,14,100.8,109.9,-9.1,29.7,2.57,30.9,1.7,9.8,5.6,12,39.3,47.9,19.2,98.71,7.9
420,Jarell Martin,MEM,24,73,21,52,22.8,100.8,107.5,-6.7,7.3,0.85,10.3,6.5,16,11,12.2,48,51.6,17.2,97.33,6.6
421,Jerian Grant,CHI,25,74,24,50,22.8,100.7,109.3,-8.7,31.4,3.84,33.6,1.9,9.4,5.5,8.8,47.6,52.8,17.7,98.77,9.6
422,Denzel Valentine,CHI,24,77,26,51,27.2,100.6,108.3,-7.7,17.8,2.46,22.5,2.3,18.5,10,9.1,51.7,52.7,17.4,100.2,9.1
423,Willie Cauley-Stein,SAC,24,73,23,50,28,100.6,108.8,-8.2,13.5,1.58,14.8,7.1,22.7,14.5,9.4,50.4,52.9,21.8,97.59,11.5
424,Darrell Arthur,DEN,30,19,12,7,7.4,100.6,112.8,-12.2,10.1,0.6,12.4,2.5,9.7,6.1,20.7,55.3,55.9,19.9,102.46,3.9
425,Andrew Harrison,MEM,23,56,17,39,23.7,100.6,108.2,-7.7,22.2,2.19,23.4,2,9.8,5.8,10.7,47.7,53.4,20.1,95.26,8.3
426,Malik Monk,CHA,20,63,26,37,13.6,100.6,112.7,-12.2,17.8,1.86,15.6,0.9,7.7,4.1,8.4,45.8,47.7,24.7,101.59,6.3
427,Greg Monroe,BOS,28,51,21,30,20.4,100.5,110.9,-10.3,18.9,1.21,17.6,11.6,27.8,19.4,14.5,56.5,59.8,22.3,99.84,15.3
428,Justin Jackson,SAC,23,68,21,47,22.2,100.5,108.7,-8.2,7.1,1.85,13.5,1.9,12.2,6.9,7.3,51,52.1,14.2,97.77,6.4
429,Kobi Simmons,MEM,20,32,6,26,20.1,100.5,117.5,-17,15.7,1.55,21.8,2.4,6.9,4.6,14.1,45.2,49,16.8,98.07,4.6
430,John Collins,ATL,20,74,21,53,24.1,100.5,107.1,-6.7,9,0.93,11.8,10.8,22.6,16.7,12.7,59.1,62,17.9,100.22,11.9
431,Marquese Chriss,PHX,20,72,19,53,21.2,100.5,109.9,-9.5,8.1,0.78,11.3,5.2,22.5,13.7,14.5,48.2,50.9,18,102.75,7.5
432,Lauri Markkanen,CHI,21,68,23,45,29.7,100.3,110.2,-9.8,6.4,0.95,7.2,4,23.6,13.5,7.6,51.8,55.2,22.1,100.21,11.4
433,De'Aaron Fox,SAC,20,73,24,49,27.7,100.3,110.9,-10.6,24,1.85,23.3,1.7,9.9,5.6,12.6,44.1,47.8,23.1,99.12,7.4
434,Robin Lopez,CHI,30,64,23,41,26.4,100.2,107,-6.8,11.9,1.16,13.5,8.1,10.1,9.1,11.7,53.3,55.2,20.6,99.99,8.7
435,Brandon Paul,SAS,27,64,38,26,9,100.2,100,0.2,9.6,1.28,17.5,1.2,12.4,6.7,13.7,49.2,50.4,13.5,99.12,5.1
436,Eric Moreland,DET,26,67,32,35,12,100.2,99.7,0.6,14.1,1.86,30.6,11.2,28.1,19.5,16.5,54.1,53.1,10.1,96.13,10.2
437,Ivica Zubac,LAL,21,43,19,24,9.5,100.2,96.2,4,9.5,0.96,12.8,11.5,18.7,15.2,13.3,50,55.7,17.8,101.01,10.8
438,Tyler Ulis,PHX,22,71,20,51,23.4,100.2,110.3,-10.1,28.2,2.45,30.1,1.6,6.8,4.2,12.3,42.6,46.5,18.7,101.34,7.3
439,Justin Anderson,PHI,24,38,27,11,13.7,100.2,105.7,-5.5,7.8,1.56,9.6,5.3,13.7,9.6,6.2,51.5,54,19.8,100.76,8.7
440,Malachi Richardson,TOR,22,26,8,18,12.4,100.1,110.5,-10.5,5.8,1.3,10.6,1.6,11,5.9,8.2,40,44.6,15.2,97.48,3.5
441,Tyson Chandler,PHX,35,46,15,31,25,100,111.3,-11.2,6.5,0.9,15.6,12.1,26.6,19.2,17.4,64.7,65.8,10.6,100.99,10.8
442,Gordon Hayward,BOS,28,1,0,1,5.3,100,87.2,12.8,0,0,0,0,20,10,0,50,50,15.4,102.03,4.8
442,Josh McRoberts,DAL,31,2,2,0,2.9,100,101,-1,0,0,0,0,0,0,0,0,0,8.3,99.67,-12.8
444,Briante Weber,MEM,25,18,8,10,13.1,100,122.4,-22.4,13.9,1.47,26.1,3.5,14.1,8.3,17.8,48.8,52.7,11.3,101.05,5.8
445,Nik Stauskas,BKN,24,41,14,27,12.8,100,105.9,-6,11.5,1.5,16.8,0.8,12.2,6.5,11.2,51.9,54.3,16.4,99.07,7.2
446,Johnathan Motley,DAL,23,11,1,10,16,99.9,105.5,-5.5,7.8,0.78,6.8,7.9,22.6,14.8,8.7,54,55,24.4,94.8,12.6
447,Dion Waiters,MIA,26,30,16,14,30.6,99.9,104.6,-4.7,21,1.61,18.1,1,8.8,4.8,11.2,46.1,48.7,25.3,97.76,7.6
448,Garrett Temple,SAC,32,65,23,42,24.8,99.8,108.4,-8.6,11.5,1.57,17.4,1.5,9.6,5.3,11.1,51.2,53.6,16.3,96.89,6.5
449,Jon Leuer,DET,29,8,5,3,17.1,99.7,96.9,2.8,5.1,0.71,9.2,5.4,21,12.9,12.8,41.7,50.5,15.9,101.93,7
450,Miles Plumlee,ATL,29,55,19,36,16.7,99.7,106.6,-6.9,7.4,0.71,14.3,9.3,18.1,13.7,20,58.3,57.4,12.9,100.29,7.1
451,Dragan Bender,PHX,20,82,21,61,25.2,99.5,110.7,-11.2,8.9,1.16,17.4,2,16.7,9.3,15,50.8,52.4,12.8,102.82,5.8
452,JaKarr Sampson,SAC,25,22,6,16,15.6,99.5,99.9,-0.4,4.1,1.13,8.6,6.6,17.9,12.2,7.6,57.4,58.5,12.7,95.46,8.7
453,DeAndre Liggins,NOP,30,58,34,24,12.5,99.3,110.3,-11,9.1,2.4,27.2,1.1,11.8,6.1,11.4,46.7,46.7,8.2,98.25,3.5
454,Damion Lee,ATL,25,15,4,11,27,99.2,105,-5.8,10.9,2.07,14,2.8,14.7,8.9,6.7,45.7,48.9,18.8,102.58,8.6
455,Wes Iwundu,ORL,23,62,18,44,16.5,99.1,104.6,-5.5,8.4,1.9,17.5,3.8,11.3,7.5,9.2,44.7,48,11.7,98.35,5.3
456,Milton Doyle,BKN,24,10,2,8,12.5,99.1,102.5,-3.4,12.2,5,16,2.4,14.3,7.8,3.2,31.9,33.7,18.5,100.59,3
457,Ryan Arcidiacono,CHI,24,24,6,18,12.7,99,103.8,-4.8,16.1,2.69,38.2,0.3,8.5,4.3,14.2,52.4,55,8.1,100.1,5.7
458,Semi Ojeleye,BOS,23,73,50,23,15.8,99,103.8,-4.8,2.6,0.8,8,3.5,11.9,7.6,10,45.2,47.3,9.1,97.35,3.2
459,James Webb III,BKN,24,10,1,9,12,99,116,-17,4.4,1,12.5,6.6,14.4,10.3,12.5,33.3,33.3,10.2,97.78,1.9
460,Henry Ellenson,DET,21,38,21,17,8.7,98.9,98.3,0.7,9.8,1.11,10.2,3.3,23.4,13.4,9.1,43.2,47.6,24.1,99.24,9.6
461,Kosta Koufos,SAC,29,71,22,49,19.6,98.8,107.1,-8.3,10,1.78,15.6,11.2,26.7,18.6,8.8,57.1,56.6,15.3,95.74,12.4
462,RJ Hunter,HOU,24,5,3,2,9,98.7,95,3.8,11.1,1.5,11.6,0,10.4,5.3,7.7,42.5,45.5,23.1,97.35,5.2
463,Adreian Payne,ORL,27,5,0,5,8.5,98.7,120.9,-22.2,0,0,0,5.4,25,13.8,13.7,80,83.1,15.1,98.49,12
464,Derrick Walton Jr.,MIA,23,16,8,8,9.2,98.6,109.2,-10.6,17,8,35.1,1.6,10.5,6.3,4.4,46,52.5,9.6,94.81,8.2
465,Aaron Harrison,DAL,23,9,2,7,25.9,98.6,112,-13.4,7.2,3.67,12.2,1.7,10.6,5.6,3.3,34.1,39.2,15.1,98.88,2.2
466,Damyean Dotson,NYK,24,44,11,33,10.8,98.5,102.9,-4.3,9.8,1.82,14.1,2,16.1,9.3,7.8,51.6,53.2,17.5,99.2,9.2
467,Tarik Black,HOU,26,51,40,11,10.5,98.5,104.8,-6.3,4.2,0.37,6.4,12.5,20.8,16.6,17.3,59.4,58.2,15.4,100.93,7.3
468,Nick Collison,OKC,37,15,9,6,5,98.5,101.7,-3.2,8.7,0.57,11.2,10.6,20,15.3,19.6,68.4,62.7,18.8,99.05,9
469,Josh Jackson,PHX,21,77,19,58,25.4,98.4,110.3,-12,10.5,0.82,9,5,13.9,9.3,11.1,44.8,48,25.9,103.4,7.2
470,Vincent Hunter,MEM,23,4,0,4,1.9,98.3,93.2,5.1,0,0,0,25,20,23.1,16.7,60,60,26.9,101.1,25
471,Brice Johnson,MEM,24,18,2,16,5.5,98.1,105.9,-7.8,3,0.4,3.9,9.3,25.3,16.8,9.8,47.6,48.6,20,103.98,10.6
472,Abdel Nader,BOS,24,48,33,15,10.9,98.1,108.2,-10.1,7.8,0.76,11.5,2.7,12.2,7.5,15,41.3,43.9,16.8,99.58,3.3
473,Richard Jefferson,DEN,38,20,10,10,8.2,98.1,111.9,-13.8,13.5,3,30,1.3,10.9,5.8,10,48.1,49.9,9.4,98.83,4.7
474,Jason Smith,WAS,32,33,15,18,8.6,98,111.5,-13.4,8.4,0.88,9.1,6.5,13.5,9.9,10.4,40.9,45.5,21.5,101.22,4.6
475,Nigel Hayes,SAC,23,9,6,3,13.6,98,94.9,3.1,7.7,3,14.2,3.6,16.4,10,4.7,39.4,39.3,13.8,93.47,6.1
476,Rodney Purvis,ORL,24,16,5,11,18.1,97.8,106.4,-8.6,9.2,1.7,12.1,0.3,9.8,4.8,7.1,38.8,42.3,19.1,98.86,3.2
477,Caleb Swanigan,POR,21,27,16,11,7,97.8,101.6,-3.8,12.4,0.78,14,8.9,22.5,15.8,18,40.8,44.9,20,96.78,5.4
478,Jake Layman,POR,24,34,21,13,4.7,97.6,109.7,-12.1,9.9,2.2,17.1,3,8.8,5.9,7.8,34,35.2,14.9,96.19,2.7
479,Mirza Teletovic,MIL,32,10,4,6,15.9,97.6,108.9,-11.3,10.3,1.43,13.5,2.5,14.7,9.1,9.5,62.3,62.3,18.7,98.59,9.7
480,Ben McLemore,MEM,25,56,7,49,19.5,97.5,110.6,-13.2,7.8,0.84,9.9,3.4,11.4,7.3,11.9,49.5,52.6,18.7,98.54,5.6
481,Paul Zipser,CHI,24,54,17,37,15.3,97.4,109.8,-12.4,8.6,1.07,13.8,1.7,16.5,8.8,12.9,42.5,44.5,16,97.19,4.2
482,Jeremy Evans,ATL,30,1,0,1,5.4,97.4,142.9,-45.5,0,0,0,16.7,0,8.3,50,100,100,14,105.51,2.5
483,Bismack Biyombo,ORL,25,82,25,57,18.2,97.2,110.4,-13.2,7,0.79,11.6,10.2,24.1,17,14.7,52,55.6,15,98.73,9.8
484,Isaiah Whitehead,BKN,23,16,2,14,11.2,97.1,103.1,-6,21.3,0.83,14.5,2.4,12.2,7.4,17.3,50.6,53,28.2,100.28,8.7
485,Derrick Jones Jr.,MIA,21,20,9,11,12.3,96.6,102.5,-6,5.6,1.29,11.3,8.8,7.4,8.1,8.8,42.5,48,12.6,97.51,4.6
486,Brandon Jennings,MIL,28,14,8,6,14.7,96.1,112,-15.8,33.1,2.44,31.8,2.5,14.9,8.3,13,43.8,47.8,19.8,101.68,9.8
487,James Young,PHI,22,6,4,2,10.2,95.7,110.2,-14.6,5.3,2,10.2,0,3.6,1.8,5.1,46.4,51.1,13.7,93.63,2.4
488,Udonis Haslem,MIA,38,14,9,5,5.1,95.5,93.9,1.7,11.9,2.5,21.9,4.3,10.6,7.4,8.7,23.3,25.2,12.1,91.27,2.1
489,Marquis Teague,MEM,25,3,0,3,24.6,95.5,114.7,-19.2,24.1,4.33,38,1.5,8.3,4.7,8.8,28.1,30.2,12.5,99.81,3.9
490,Kadeem Allen,BOS,25,18,9,9,6,95.2,102.5,-7.3,16.7,1.33,25.6,3.8,7.4,5.5,19.2,27.3,36.6,14.1,98.26,0.6
491,Nerlens Noel,DAL,24,30,6,24,15.7,95.1,106.6,-11.6,7,0.77,12.2,10.1,30.4,19.3,15.9,52.4,55.8,13.6,98.31,11.5
492,Jack Cooley,SAC,27,7,4,3,12.5,95,98.7,-3.7,12.8,2,13.5,16.7,21.6,19,6.8,48.1,56.6,19.2,94.87,14.3
493,Furkan Korkmaz,PHI,20,14,11,3,5.7,94.9,120.9,-26.1,7.7,2,11.2,2.2,13.6,7,5.6,37.5,38.6,16.7,102.65,1
494,Kyle Singler,OKC,30,12,5,7,4.9,94.8,98,-3.2,5.7,0.67,6.3,1.9,17.3,9.4,9.5,38.1,43,22.8,96.06,4.9
495,Johnny O'Bryant III,CHA,25,36,15,21,10.5,94.6,104.9,-10.4,6.7,0.93,6.6,7.2,19.3,12.7,7.1,43.9,47,22.7,100.46,8
496,Jacob Wiley,BKN,23,5,1,4,6.7,94.3,81.5,12.8,9.1,0,29.1,5.6,23.1,14.7,0,37.5,41,6.2,100.77,8.4
497,Andrew Bogut,LAL,33,23,7,16,9.4,94.2,99.7,-5.5,9.9,0.79,25.1,11.6,25.1,18.1,31.7,68,69.6,8.6,102.33,8.1
498,Timofey Mozgov,BKN,31,31,12,19,11.6,94.2,105.5,-11.2,5,0.33,7.3,9.3,20,14.6,22,58.1,61.7,16.5,104.51,8.5
499,Jonathan Isaac,ORL,20,27,11,16,19.8,94.1,101.1,-7,5.3,0.67,9,3.3,16,9.9,13.4,43.4,46.5,15.5,100.02,7.1
500,Erik McCree,UTA,24,4,4,0,1.9,94.1,123.4,-29.3,0,0,0,0,25,12.5,33.3,0,0,18.9,106.96,-3.1
501,Markel Brown,HOU,26,4,4,0,7.9,94.1,121.9,-27.8,10.5,1,18.2,3.6,12.1,8.2,18.2,35.7,35.7,13.7,95.35,-1.3
502,Cristiano Felicio,CHI,25,55,13,42,17.8,93.6,111.6,-18,9.3,1.02,15.3,8.6,17.4,12.8,15,59.1,61.4,13.6,99.31,8.2
503,Bobby Brown,HOU,33,20,17,3,5.7,93.6,115.5,-21.9,19,1.22,13.9,0,7,3.3,11.4,42.2,42.5,26,101.17,3.9
504,Andrew White III,ATL,25,15,1,14,13.9,93.2,110.8,-17.6,5,0.75,6.8,1.9,14.7,8.1,9,46.6,46.1,16.9,102.43,4.9
505,Mangok Mathiang,CHA,25,4,3,1,5,93,96.7,-3.7,0,0,0,16.7,35,26.3,0,57.1,53.8,15.2,103.56,12.9
506,Jahlil Okafor,BKN,22,28,7,21,12.6,92.3,116.6,-24.3,7,0.57,6.5,6.6,21.3,13.7,11.4,56.2,58.4,22.4,97.08,10.5
507,Xavier Rathan-Mayes,MEM,24,5,0,5,23.6,91.5,113,-21.4,24.7,1.64,24,0,6.1,2.5,14.7,29.8,31.5,21.3,100.52,-1.1
508,Kay Felder,DET,23,16,6,10,8.7,91.3,108.7,-17.3,24.7,1.25,18,2.1,12.1,6.8,14.4,32.9,37.9,28.4,100.14,3.8
509,Marshall Plumlee,MIL,25,8,5,3,6.5,91.1,90.2,0.9,6.3,0.67,13.3,8.7,27.1,18.1,19.9,33.3,69.7,10.8,104.9,8.3
510,Davon Reed,PHX,23,21,2,19,11.5,90.8,106.7,-15.9,8.7,1.3,12.5,0.8,17.1,8.2,9.6,36.2,38.8,16.2,102.5,4.7
511,Alan Williams,PHX,25,5,1,4,14.1,90.7,92.3,-1.6,19.5,1.14,21.6,4.3,27.1,15.8,18.9,38.9,45.5,18.6,96.59,8.9
512,Demetrius Jackson,PHI,23,15,12,3,5.3,90.6,109,-18.3,18.8,0.9,23.8,6.2,10.3,8.1,26.4,41.7,42.4,16.2,97.83,3.7
513,Georges Niang,UTA,25,9,9,0,3.5,90.1,99.7,-9.6,16.7,1,16.8,10.3,21.4,15.8,16.8,36.4,37.9,20.8,102.76,8.6
514,D.J. Wilson,MIL,22,22,12,10,3.2,89.7,118.6,-28.9,7.5,0.75,12.6,3.3,17,9.3,16.8,62.5,62.2,14.1,94.26,6.5
515,Antonius Cleveland,ATL,24,17,7,10,7.2,89.6,102,-12.4,2.5,0.29,6.1,2.5,9.6,5.9,21.4,45.2,48.6,11.1,101.08,0.5
516,Aaron Jackson,HOU,32,1,0,1,34.5,88.9,104.1,-15.2,5.3,1,8.4,5.9,3.7,4.9,8.4,38.9,40.5,15.2,92.3,-1
517,Jaylen Morris,ATL,22,6,2,4,16.4,87.7,105.4,-17.7,13,1.17,15.6,2.1,14.4,8.3,13.3,43.8,43.8,16,105.93,7.7
518,Ben Moore,IND,23,2,1,1,4.6,87.4,163.6,-76.1,11.1,0,100,0,33.3,8.3,0,0,0,0,114.48,-4.1
519,Quincy Pondexter,CHI,30,23,6,17,8.5,87.2,111.9,-24.7,7.8,0.82,11.8,3.9,11.9,7.4,14.4,31.6,39.8,15.2,98.73,1.9
520,Scotty Hopson,DAL,28,1,0,1,8.4,87.1,123,-35.9,20,1,25.8,0,0,0,25.8,0,26.6,11.7,114.12,-3.1
521,Xavier Munford,MIL,26,6,2,4,3.5,86.9,125.5,-38.6,36.4,2,31.1,6.7,0,3.2,15.5,16.7,21.8,18.6,96.63,-4.7
522,David Stockton,UTA,27,3,3,0,3.1,86.6,142.6,-56,0,0,0,0,0,0,17.4,100,105,25.4,101.01,12
523,Charles Cooke,NOP,23,13,8,5,2.9,86.1,105.2,-19,3.8,1,5.9,0,5.6,2.6,5.9,17.9,20.2,17.4,98.51,-3.4
524,Daniel Hamilton,OKC,22,6,5,1,4.6,85.9,103.7,-17.8,61.5,4,38.1,0,19.2,9.4,9.5,54.5,54.5,21.9,92.92,18.6
525,Joakim Noah,NYK,33,7,1,6,5.7,85.1,88.9,-3.8,20,1,20.2,14,21.1,17.3,20.2,50,51,16.4,103.14,11.4
526,Zhou Qi,HOU,22,18,14,4,6.9,83.8,106.8,-23,2.8,0.2,4.1,4.6,13.3,8.8,20.3,21.9,29.5,16.5,101.2,-0.5
527,Luol Deng,LAL,33,1,0,1,13.1,83.7,110.4,-26.8,11.1,1,25,0,0,0,25,50,50,8.8,111.4,3.9
528,Josh Gray,PHX,24,5,0,5,17.3,81.6,118.2,-36.7,24,1.71,18.5,1.9,11.9,5.8,10.8,30.5,34.9,25.2,105.37,4.1
529,Joel Bolomboy,MIL,24,6,3,3,6.3,80.7,98.5,-17.7,0,0,0,15.8,13.3,14.7,18.8,50,52.1,11.9,97.97,7
530,Chinanu Onuaku,HOU,21,1,0,1,21.6,80.5,96.9,-16.4,10,0.33,11.1,4.8,17.6,10.5,33.3,40,40,18.7,90.18,-3.3
531,Reggie Hearn,DET,26,3,3,0,2.2,80.4,105.6,-25.2,0,0,0,0,0,0,0,75,75,11.5,96.48,12.9
532,PJ Dozier,OKC,21,2,1,1,1.6,80,108.7,-28.7,0,0,0,0,20,12.5,33.3,50,50,50,86.11,0
533,Josh Smith,NOP,32,3,2,1,3.9,77.5,103.7,-26.2,0,0,0,15.8,14.3,15.4,0,25,25,13.1,106.54,-4.5
534,Luis Montero,DET,25,2,1,1,4,73.9,100,-26.1,0,0,0,0,22.2,11.1,66.7,0,0,18.9,93.22,-3.1
535,Jacob Pullen,PHI,28,3,2,1,2,71.4,66.7,4.8,0,0,0,0,0,0,33.3,50,50,20,114.41,0
536,Tim Quarterman,HOU,23,3,2,1,4.3,55.7,92.2,-36.5,25,0.5,14.5,0,18.8,10.7,29.1,33.3,51.5,17.5,112.56,10
537,Edmond Sumner,IND,22,1,0,1,2.2,50,147.1,-97.1,0,0,0,0,50,20,0,100,100,25,104.57,23.5
538,Derrick Williams,LAL,27,2,1,1,4.3,33.9,61.5,-27.6,0,0,0,0,14.3,5.6,0,25,25,18.5,113.06,0
539,Chris Boucher,GSW,25,1,1,0,1.3,0,106.4,-106.4,0,0,0,0,100,50,0,0,0,50,70.72,0
539,Mindaugas Kuzminskas,NYK,28,1,0,1,1.9,0,0,0,0,0,0,0,0,0,0,0,0,50,90.81,-400